Groupe;"Repère Équipement";"Code Article";"Nb Doublons";"IDs Concernés";Sources;"Désignations Équipement";"Désignations Article";Fabricants;Quantités;Unités;"Dates Création";"Première Création";"Dernière Création"
1;"NIV CAISSE@BOUE FO 0-28V1BRIDE DN20 PN16";LI890281;17;216,2195,2194,2193,2192,2191,2190,2189,2188,2187,2186,2185,2184,2183,2182,2181,2180;"SAP | SAP_VALIDE | SAP_VALIDE | SAP_VALIDE | SAP_VALIDE | SAP_VALIDE | SAP_VALIDE | SAP_VALIDE | SAP_VALIDE | SAP_VALIDE | SAP_VALIDE | SAP_VALIDE | SAP_VALIDE | SAP_VALIDE | SAP_VALIDE | SAP_VALIDE | SAP_VALIDE";;"TUBE PLEXI LONGEUR 940 MM POUR ENTR'AXE | CARTOUCHE,FUSIBLE+PERCUTEUR 10X38 G1 | FUSIBLE REF,DF 4HA1201 POSTE 65 200A TYP | FUSIBLE REF,DF 4GA1161 POSTE 64 160A TYP | CARTOUCHE,FUSIBLE+PERCUTEUR DF3EA02 | RELAIS,INSTANTANE REF.LR2D3353 220V 50HZ | FUSIBLE,CAPELIN 521CPAM14-51 25A TYPE AM | FUSIBLE,CAPELIN 5822AM100 100A TYPE AM";;"1 | 1 | 1 | 1 | 1 | 1 | 1 | 1 | 1 | 1 | 1 | 1 | 1 | 1 | 1 | 1 | 1";"PCE | PCE | PCE | PCE | PCE | PCE | PCE | PCE | PCE | PCE | PCE | PCE | PCE | PCE | PCE | PCE | PCE";"2015-02-24 | 2025-07-23 | 2025-07-23 | 2025-07-23 | 2025-07-23 | 2025-07-23 | 2025-07-23 | 2025-07-23 | 2025-07-23 | 2025-07-23 | 2025-07-23 | 2025-07-23 | 2025-07-23 | 2025-07-23 | 2025-07-23 | 2025-07-23 | 2025-07-23";2015-02-24;2025-07-23
2;"FOND K2001 APPAREIL ECHELLE 0-100L";LIC2012;16;260,1859,1858,1857,1856,1855,1854,1853,1852,1851,1850,1849,1848,1847,1846,1845;"SAP | SAP_VALIDE | SAP_VALIDE | SAP_VALIDE | SAP_VALIDE | SAP_VALIDE | SAP_VALIDE | SAP_VALIDE | SAP_VALIDE | SAP_VALIDE | SAP_VALIDE | SAP_VALIDE | SAP_VALIDE | SAP_VALIDE | SAP_VALIDE | SAP_VALIDE";;"ASSY UNIT MAN REFERENCE C0131MA  P/REGUL | ELECTROVANNE LUCIFER AVEC ACCESSOIRES RE | VANNE THERMOSTATIQUE""SART"" SERIE 807 TYP | PRESSOSTAT SAUTER DFC 17 B-58 ECHELLE:0- | MANOMETRE MIX-100-A 1/2""BSP ECHELLE:0  à | SONDE PT100(250X5MN) REF,9417905 P/BAIN | INDICATEUR DE COLMATAGE TYPE 436,2 REGLE | CARTE PROGRAMME REFERENCE 540963,80 P/AR | SECTIONNEUR GK1-EX 50A+CDE+PORTE 2/24+AC | CONTACTEUR TRIPOLAIRE 12A 1F 220V 50HZ R | RELAIS THERMIQUE REF,LR2D3357 P/TABLEAUX | FUSIBLE REF,DF 3EA12 POSTE 55 TYPE:AM AV | CARTOUCHE,FUSIBLE+PERCUTEUR 10X38 G1 | CONTACT ""0"" REF,ZB2-BE102 POUR UNITE DE | RELAIS,INSTANTANE REF.LR2D3353 220V 50HZ | AMPOULE NEON CULOTT BASS 220V DIAM,22,2";;"1 | 1 | 1 | 1 | 1 | 1 | 1 | 1 | 1 | 1 | 1 | 1 | 1 | 1 | 1 | 1";"PCE | PCE | PCE | PCE | PCE | PCE | PCE | PCE | PCE | PCE | PCE | PCE | PCE | PCE | PCE | PCE";"2015-02-24 | 2025-07-23 | 2025-07-23 | 2025-07-23 | 2025-07-23 | 2025-07-23 | 2025-07-23 | 2025-07-23 | 2025-07-23 | 2025-07-23 | 2025-07-23 | 2025-07-23 | 2025-07-23 | 2025-07-23 | 2025-07-23 | 2025-07-23";2015-02-24;2025-07-23
3;"FOND K2002 APPAREIL ECHELLE:0 @ 100L.";LIC2018;16;262,1829,1828,1827,1826,1825,1824,1823,1822,1821,1820,1819,1818,1817,1816,1815;"SAP | SAP_VALIDE | SAP_VALIDE | SAP_VALIDE | SAP_VALIDE | SAP_VALIDE | SAP_VALIDE | SAP_VALIDE | SAP_VALIDE | SAP_VALIDE | SAP_VALIDE | SAP_VALIDE | SAP_VALIDE | SAP_VALIDE | SAP_VALIDE | SAP_VALIDE";;"ASSY UNIT MAN REFERENCE C0131MA  P/REGUL | ELECTROVANNE LUCIFER AVEC ACCESSOIRES RE | VANNE THERMOSTATIQUE""SART"" SERIE 807 TYP | PRESSOSTAT SAUTER DFC 17 B-58 ECHELLE:0- | MANOMETRE MIX-100-A 1/2""BSP ECHELLE:0  à | SONDE PT100(250X5MN) REF,9417905 P/BAIN | INDICATEUR DE COLMATAGE TYPE 436,2 REGLE | CARTE PROGRAMME REFERENCE 540963,80 P/AR | SECTIONNEUR GK1-EX 50A+CDE+PORTE 2/24+AC | CONTACTEUR TRIPOLAIRE 12A 1F 220V 50HZ R | RELAIS THERMIQUE REF,LR2D3357 P/TABLEAUX | FUSIBLE REF,DF 3EA12 POSTE 55 TYPE:AM AV | CARTOUCHE,FUSIBLE+PERCUTEUR 10X38 G1 | CONTACT ""0"" REF,ZB2-BE102 POUR UNITE DE | RELAIS,INSTANTANE REF.LR2D3353 220V 50HZ | AMPOULE NEON CULOTT BASS 220V DIAM,22,2";;"1 | 1 | 1 | 1 | 1 | 1 | 1 | 1 | 1 | 1 | 1 | 1 | 1 | 1 | 1 | 1";"PCE | PCE | PCE | PCE | PCE | PCE | PCE | PCE | PCE | PCE | PCE | PCE | PCE | PCE | PCE | PCE";"2015-02-24 | 2025-07-23 | 2025-07-23 | 2025-07-23 | 2025-07-23 | 2025-07-23 | 2025-07-23 | 2025-07-23 | 2025-07-23 | 2025-07-23 | 2025-07-23 | 2025-07-23 | 2025-07-23 | 2025-07-23 | 2025-07-23 | 2025-07-23";2015-02-24;2025-07-23
4;"TETE K1001 D1003 APPRAEIL ECHELLE:0@100L";LIC2016;16;261,1844,1843,1842,1841,1840,1839,1838,1837,1836,1835,1834,1833,1832,1831,1830;"SAP | SAP_VALIDE | SAP_VALIDE | SAP_VALIDE | SAP_VALIDE | SAP_VALIDE | SAP_VALIDE | SAP_VALIDE | SAP_VALIDE | SAP_VALIDE | SAP_VALIDE | SAP_VALIDE | SAP_VALIDE | SAP_VALIDE | SAP_VALIDE | SAP_VALIDE";;"ASSY UNIT MAN REFERENCE C0131MA  P/REGUL | ELECTROVANNE LUCIFER AVEC ACCESSOIRES RE | VANNE THERMOSTATIQUE""SART"" SERIE 807 TYP | PRESSOSTAT SAUTER DFC 17 B-58 ECHELLE:0- | MANOMETRE MIX-100-A 1/2""BSP ECHELLE:0  à | SONDE PT100(250X5MN) REF,9417905 P/BAIN | INDICATEUR DE COLMATAGE TYPE 436,2 REGLE | CARTE PROGRAMME REFERENCE 540963,80 P/AR | SECTIONNEUR GK1-EX 50A+CDE+PORTE 2/24+AC | CONTACTEUR TRIPOLAIRE 12A 1F 220V 50HZ R | RELAIS THERMIQUE REF,LR2D3357 P/TABLEAUX | FUSIBLE REF,DF 3EA12 POSTE 55 TYPE:AM AV | CARTOUCHE,FUSIBLE+PERCUTEUR 10X38 G1 | CONTACT ""0"" REF,ZB2-BE102 POUR UNITE DE | RELAIS,INSTANTANE REF.LR2D3353 220V 50HZ | AMPOULE NEON CULOTT BASS 220V DIAM,22,2";;"1 | 1 | 1 | 1 | 1 | 1 | 1 | 1 | 1 | 1 | 1 | 1 | 1 | 1 | 1 | 1";"PCE | PCE | PCE | PCE | PCE | PCE | PCE | PCE | PCE | PCE | PCE | PCE | PCE | PCE | PCE | PCE";"2015-02-24 | 2025-07-23 | 2025-07-23 | 2025-07-23 | 2025-07-23 | 2025-07-23 | 2025-07-23 | 2025-07-23 | 2025-07-23 | 2025-07-23 | 2025-07-23 | 2025-07-23 | 2025-07-23 | 2025-07-23 | 2025-07-23 | 2025-07-23";2015-02-24;2025-07-23
5;"NIVEAU CAISSE RECUP HUILE MOT BRIDES";LIAL894231;15;257,1898,1897,1896,1895,1894,1893,1892,1891,1890,1889,1888,1887,1886,1885;"SAP | SAP_VALIDE | SAP_VALIDE | SAP_VALIDE | SAP_VALIDE | SAP_VALIDE | SAP_VALIDE | SAP_VALIDE | SAP_VALIDE | SAP_VALIDE | SAP_VALIDE | SAP_VALIDE | SAP_VALIDE | SAP_VALIDE | SAP_VALIDE";;"TUBE PLEXI LONGUEUR 1340MM POUR ENTRAXE | MANOMETRE MIX-150-D 1/2""NPT ECHELLE:0 @ | INDICATEUR DE DEBIT 0 @ 1 M3/H REF,54344 | SIMPLE THERMOCOUPLE 3570/2 POUR APPAREIL | CONTACTEUR DE PRESSION TYPE 9002379 ECHE | CONTACTEUR DE PRESSION TYPE 9002377 ECHE | DISTRIBUTEUR 49H  P/MOTEUR DIESEL SULZER | SECTIONNEUR GK1-EX 50A+CDE+PORTE 2/24+AC | CONTACTEUR TRIPOLAIRE 12A 1F 220V 50HZ R | RELAIS THERMIQUE POSTE 23 2,5/4A REF,LC1 | FUSIBLE REF,DF 3EA06 POSTE 53 6A TYPE AM | CARTOUCHE,FUSIBLE+PERCUTEUR 10X38 G1 | CONTACT ""0"" REF,ZB2-BE102 POUR UNITE DE | AMPOULE NEON CULOTT BASS 220V DIAM,22,2 | RELAIS,INSTANTANE REF.LR2D3353 220V 50HZ";;"1 | 1 | 1 | 1 | 1 | 1 | 1 | 1 | 1 | 1 | 1 | 1 | 1 | 1 | 1";"PCE | PCE | PCE | PCE | PCE | PCE | PCE | PCE | PCE | PCE | PCE | PCE | PCE | PCE | PCE";"2015-02-24 | 2025-07-23 | 2025-07-23 | 2025-07-23 | 2025-07-23 | 2025-07-23 | 2025-07-23 | 2025-07-23 | 2025-07-23 | 2025-07-23 | 2025-07-23 | 2025-07-23 | 2025-07-23 | 2025-07-23 | 2025-07-23";2015-02-24;2025-07-23
6;"REGULATEUR PNEU.2 ACTIONS CASC.";LIC1101;15;259,1873,1872,1871,1870,1869,1868,1867,1866,1865,1864,1863,1862,1861,1860;"SAP | SAP_VALIDE | SAP_VALIDE | SAP_VALIDE | SAP_VALIDE | SAP_VALIDE | SAP_VALIDE | SAP_VALIDE | SAP_VALIDE | SAP_VALIDE | SAP_VALIDE | SAP_VALIDE | SAP_VALIDE | SAP_VALIDE | SAP_VALIDE";;"O RING REFERENCE C0127CM  P/REGULATEUR P | MANOMETRE MIX-150-D 1/2""NPT ECHELLE:0 @ | INDICATEUR DE DEBIT 0 @ 1 M3/H REF,54344 | SIMPLE THERMOCOUPLE 3570/2 POUR APPAREIL | CONTACTEUR DE PRESSION TYPE 9002379 ECHE | CONTACTEUR DE PRESSION TYPE 9002377 ECHE | DISTRIBUTEUR 49H  P/MOTEUR DIESEL SULZER | SECTIONNEUR GK1-EX 50A+CDE+PORTE 2/24+AC | CONTACTEUR TRIPOLAIRE 12A 1F 220V 50HZ R | RELAIS THERMIQUE POSTE 23 2,5/4A REF,LC1 | FUSIBLE REF,DF 3EA06 POSTE 53 6A TYPE AM | CARTOUCHE,FUSIBLE+PERCUTEUR 10X38 G1 | CONTACT ""0"" REF,ZB2-BE102 POUR UNITE DE | RELAIS,INSTANTANE REF.LR2D3353 220V 50HZ | AMPOULE NEON CULOTT BASS 220V DIAM,22,2";;"1 | 1 | 1 | 1 | 1 | 1 | 1 | 1 | 1 | 1 | 1 | 1 | 1 | 1 | 1";"PCE | PCE | PCE | PCE | PCE | PCE | PCE | PCE | PCE | PCE | PCE | PCE | PCE | PCE | PCE";"2015-02-24 | 2025-07-23 | 2025-07-23 | 2025-07-23 | 2025-07-23 | 2025-07-23 | 2025-07-23 | 2025-07-23 | 2025-07-23 | 2025-07-23 | 2025-07-23 | 2025-07-23 | 2025-07-23 | 2025-07-23 | 2025-07-23";2015-02-24;2025-07-23
7;"BRIDE DN 65 PN16 FLOTTEUR DIA.:40X80 D=1";LSL-0-32-12;13;285,1642,1641,1640,1639,1638,1637,1636,1635,1634,1633,1632,1631;"SAP | SAP_VALIDE | SAP_VALIDE | SAP_VALIDE | SAP_VALIDE | SAP_VALIDE | SAP_VALIDE | SAP_VALIDE | SAP_VALIDE | SAP_VALIDE | SAP_VALIDE | SAP_VALIDE | SAP_VALIDE";;"FLOTTEUR AVEC EXTENSION MAGNETI- QUE P/A | SECTIONNEUR TRIPOLAIRE AVEC SYSTEME CONT | CONTACTEUR,80A 10+1F 220V 50HZ LR2D1305 | 4030321318 P/TABLEAUX ELECTRIQUES B,T, | FUSIBLE REF,DF 3FA80 POSTE 62 80A TYPE A | CARTOUCHE,FUSIBLE+PERCUTEUR 10X38 G1 | CONTACT ""0"" REF,ZB2-BE102 POUR UNITE DE | RELAIS,INSTANTANE REF.LR2D3353 220V 50HZ | AMPOULE NEON CULOTT BASS 220V DIAM,22,2 | SECTIONNEUR GK1-EX 50A+CDE+PORTE 2/24+AC | CONTACTEUR TRIPOLAIRE 12A 1F 220V 50HZ R | RELAIS THERMIQUE REFERENCE LR1D0 9307 PO | FUSIBLE REF,DF 3EA04 POSTE 5 4A AM AVEC";;"1 | 1 | 1 | 1 | 1 | 1 | 1 | 1 | 1 | 1 | 1 | 1 | 1";"PCE | PCE | PCE | PCE | PCE | PCE | PCE | PCE | PCE | PCE | PCE | PCE | PCE";"2015-02-24 | 2025-07-23 | 2025-07-23 | 2025-07-23 | 2025-07-23 | 2025-07-23 | 2025-07-23 | 2025-07-23 | 2025-07-23 | 2025-07-23 | 2025-07-23 | 2025-07-23 | 2025-07-23";2015-02-24;2025-07-23
8;"NIVEAU CAISSE JOUR F.O BRIDES DN20 PN16";LI894282;13;242,1987,1986,1985,1984,1983,1982,1981,1980,1979,1978,1977,1976;"SAP | SAP_VALIDE | SAP_VALIDE | SAP_VALIDE | SAP_VALIDE | SAP_VALIDE | SAP_VALIDE | SAP_VALIDE | SAP_VALIDE | SAP_VALIDE | SAP_VALIDE | SAP_VALIDE | SAP_VALIDE";;"TUBE PLEXI LONGUEUR 1440MM POUR ENTRAXE | SECTIONNEUR GK1-EX 50A+CDE+PORTE 2/24+AC | CONTACTEUR TRIPOLAIRE BOBINE 220VCA 40A | RELAIS THERMIQUE REF,LC1D1210M5 POSTE:30 | FUSIBLE REF,DF 3EA40 POSTE 59 40A TYPE A | CARTOUCHE,FUSIBLE+PERCUTEUR 10X38 G1 | CONTACT ""0"" REF,ZB2-BE102 POUR UNITE DE | RELAIS,INSTANTANE REF.LR2D3353 220V 50HZ | AMPOULE NEON CULOTT BASS 220V DIAM,22,2 | SECTIONNEUR GK1 FW 22X58 3P+2F+1 DPMM+CD | CONTACTEUR TRIPOLAIRE 65A 10+1F 220V 50H | RELAIS THERMIQUE REF,LR2D1314 POSTE:32 3 | FUSIBLE CARTOUCHE R3A AM A PERCUTEUR TAI";;"1 | 1 | 1 | 1 | 1 | 1 | 1 | 1 | 1 | 1 | 1 | 1 | 1";"PCE | PCE | PCE | PCE | PCE | PCE | PCE | PCE | PCE | PCE | PCE | PCE | PCE";"2015-02-24 | 2025-07-23 | 2025-07-23 | 2025-07-23 | 2025-07-23 | 2025-07-23 | 2025-07-23 | 2025-07-23 | 2025-07-23 | 2025-07-23 | 2025-07-23 | 2025-07-23 | 2025-07-23";2015-02-24;2025-07-23
9;"INDICATEUR DE NIVEAU DU 4-23-V1";LIAL8942312;12;258,1884,1883,1882,1881,1880,1879,1878,1877,1876,1875,1874;"SAP | SAP_VALIDE | SAP_VALIDE | SAP_VALIDE | SAP_VALIDE | SAP_VALIDE | SAP_VALIDE | SAP_VALIDE | SAP_VALIDE | SAP_VALIDE | SAP_VALIDE | SAP_VALIDE";;"TUBE PLEXI LONGUEUR 1340MM POUR ENTRAXE | MANOMETRE MIX-150-D 1/2""NPT ECHELLE:0 @ | INDICATEUR DE DEBIT 0 @ 1 M3/H REF,54344 | SIMPLE THERMOCOUPLE 3570/2 POUR APPAREIL | SECTIONNEUR GK1-EX 50A+CDE+PORTE 2/24+AC | CONTACTEUR TRIPOLAIRE 12A 1F 220V 50HZ R | RELAIS THERMIQUE POSTE 23 2,5/4A REF,LC1 | FUSIBLE REF,DF 3EA06 POSTE 53 6A TYPE AM | CARTOUCHE,FUSIBLE+PERCUTEUR 10X38 G1 | CONTACT ""0"" REF,ZB2-BE102 POUR UNITE DE | RELAIS,INSTANTANE REF.LR2D3353 220V 50HZ | AMPOULE NEON CULOTT BASS 220V DIAM,22,2";;"1 | 1 | 1 | 1 | 1 | 1 | 1 | 1 | 1 | 1 | 1 | 1";"PCE | PCE | PCE | PCE | PCE | PCE | PCE | PCE | PCE | PCE | PCE | PCE";"2015-02-24 | 2025-07-23 | 2025-07-23 | 2025-07-23 | 2025-07-23 | 2025-07-23 | 2025-07-23 | 2025-07-23 | 2025-07-23 | 2025-07-23 | 2025-07-23 | 2025-07-23";2015-02-24;2025-07-23
10;"NIVEAU CAISSE MELANGE DO/FO 4-26V1 BRIDE";LI894261;11;240,2004,2003,2002,2001,2000,1999,1998,1997,1996,1995;"SAP | SAP_VALIDE | SAP_VALIDE | SAP_VALIDE | SAP_VALIDE | SAP_VALIDE | SAP_VALIDE | SAP_VALIDE | SAP_VALIDE | SAP_VALIDE | SAP_VALIDE";;"TUBE PLEXI LONGEUR 1140 MM POUR ENTR'AXE | SECTIONNEUR GK1-EX 50A+CDE+PORTE 2/24+AC | CONTACTEUR TRIPOLAIRE 12A 1F 220V 50HZ R | RELAIS THERMIQUE POSTE 23 2,5/4A REF,LC1 | FUSIBLE REF,DF 3EA06 POSTE 53 6A TYPE AM | CARTOUCHE,FUSIBLE+PERCUTEUR 10X38 G1 | CONTACT ""0"" REF,ZB2-BE102 POUR UNITE DE | AMPOULE NEON CULOTT BASS 220V DIAM,22,2 | RELAIS,INSTANTANE REF.LR2D3353 220V 50HZ | RELAIS THERMIQUE REFERENCE LR1D0 9307 PO | FUSIBLE REF,DF 3EA04 POSTE 5 4A AM AVEC";;"1 | 1 | 1 | 1 | 1 | 1 | 1 | 1 | 1 | 1 | 1";"PCE | PCE | PCE | PCE | PCE | PCE | PCE | PCE | PCE | PCE | PCE";"2015-02-24 | 2025-07-23 | 2025-07-23 | 2025-07-23 | 2025-07-23 | 2025-07-23 | 2025-07-23 | 2025-07-23 | 2025-07-23 | 2025-07-23 | 2025-07-23";2015-02-24;2025-07-23
11;"CONTACTEUR DE HAUT NIVEAU D`EAUB8301A";LSH8301A;10;271,1757,1756,1755,1754,1753,1752,1751,1750,1749;"SAP | SAP_VALIDE | SAP_VALIDE | SAP_VALIDE | SAP_VALIDE | SAP_VALIDE | SAP_VALIDE | SAP_VALIDE | SAP_VALIDE | SAP_VALIDE";;"EQUIPAGE MOBILE COMPLET : -1 FLOTTEUR;1 | SECTIONNEUR GK1 FW 22X58 3P+2F+1 DPMM+CD | SECTIONNEUR TRIPOLAIRE AVEC SYSTEME CONT | CONTACTEUR TRIPOLAIRE 65A 10+1F 220V 50H | RELAIS THERMIQUE REF,LR2D1321 P/TABLEAUX | FUSIBLE CARTOUCHE R3A AM A PERCUTEUR TAI | CARTOUCHE,FUSIBLE+PERCUTEUR 10X38 G1 | CONTACT ""0"" REF,ZB2-BE102 POUR UNITE DE | RELAIS,INSTANTANE REF.LR2D3353 220V 50HZ | AMPOULE NEON CULOTT BASS 220V DIAM,22,2";;"1 | 1 | 1 | 1 | 1 | 1 | 1 | 1 | 1 | 1";"PCE | PCE | PCE | PCE | PCE | PCE | PCE | PCE | PCE | PCE";"2015-02-24 | 2025-07-23 | 2025-07-23 | 2025-07-23 | 2025-07-23 | 2025-07-23 | 2025-07-23 | 2025-07-23 | 2025-07-23 | 2025-07-23";2015-02-24;2025-07-23
12;"CONTACTEUR DE HAUT NIVEAU D`EAUB8301B";LSH8301B;10;272,1748,1747,1746,1745,1744,1743,1742,1741,1740;"SAP | SAP_VALIDE | SAP_VALIDE | SAP_VALIDE | SAP_VALIDE | SAP_VALIDE | SAP_VALIDE | SAP_VALIDE | SAP_VALIDE | SAP_VALIDE";;"EQUIPAGE MOBILE COMPLET : -1 FLOTTEUR;1 | SECTIONNEUR GK1 FW 22X58 3P+2F+1 DPMM+CD | SECTIONNEUR TRIPOLAIRE AVEC SYSTEME CONT | CONTACTEUR TRIPOLAIRE 65A 10+1F 220V 50H | RELAIS THERMIQUE REF,LR2D1321 P/TABLEAUX | FUSIBLE CARTOUCHE R3A AM A PERCUTEUR TAI | CARTOUCHE,FUSIBLE+PERCUTEUR 10X38 G1 | CONTACT ""0"" REF,ZB2-BE102 POUR UNITE DE | RELAIS,INSTANTANE REF.LR2D3353 220V 50HZ | AMPOULE NEON CULOTT BASS 220V DIAM,22,2";;"1 | 1 | 1 | 1 | 1 | 1 | 1 | 1 | 1 | 1";"PCE | PCE | PCE | PCE | PCE | PCE | PCE | PCE | PCE | PCE";"2015-02-24 | 2025-07-23 | 2025-07-23 | 2025-07-23 | 2025-07-23 | 2025-07-23 | 2025-07-23 | 2025-07-23 | 2025-07-23 | 2025-07-23";2015-02-24;2025-07-23
13;"MATERIEL CONTACT HAUT CAISSE RECUP HUILE";LSH892231;10;279,1691,1690,1689,1688,1687,1686,1685,1684,1683;"SAP | SAP_VALIDE | SAP_VALIDE | SAP_VALIDE | SAP_VALIDE | SAP_VALIDE | SAP_VALIDE | SAP_VALIDE | SAP_VALIDE | SAP_VALIDE";;"CONTACT INVERSEUR ETANCHE AVEC SUPPORT T | SECTIONNEUR GK1-EX 50A+CDE+PORTE 2/24+AC | CONTACTEUR TRIPOLAIRE 12A 1F 220V 50HZ R | RELAIS THERMIQUE REF,LC1D8011M5 POSTE 20 | FUSIBLE REF,DF 3EA01 POSTE 50 1A TYPE AM | CARTOUCHE,FUSIBLE+PERCUTEUR 10X38 G1 | CONTACT ""0"" REF,ZB2-BE102 POUR UNITE DE | RELAIS,INSTANTANE REF.LR2D3353 220V 50HZ | AMPOULE NEON CULOTT BASS 220V DIAM,22,2 | RELAIS THERMIQUE REFERENCE LC1D6511M5  P";;"1 | 1 | 1 | 1 | 1 | 1 | 1 | 1 | 1 | 1";"PCE | PCE | PCE | PCE | PCE | PCE | PCE | PCE | PCE | PCE";"2015-02-24 | 2025-07-23 | 2025-07-23 | 2025-07-23 | 2025-07-23 | 2025-07-23 | 2025-07-23 | 2025-07-23 | 2025-07-23 | 2025-07-23";2015-02-24;2025-07-23
14;"NIVEAU CAISSE EAU CYLINDRES BRIDES";LIAL893211;10;251,1941,1940,1939,1938,1937,1936,1935,1934,1933;"SAP | SAP_VALIDE | SAP_VALIDE | SAP_VALIDE | SAP_VALIDE | SAP_VALIDE | SAP_VALIDE | SAP_VALIDE | SAP_VALIDE | SAP_VALIDE";;"TUBE PLEXI LONGUEUR 1040 MM POUR ENTR'AX | MICROSWITCH,P/PRESSOSTAT FUEL/VAPEUR | TRANSFOMATEUR,ALLUMAGE | ELECTRODE,ALLUMAGE | EMBOUT-PORCELAINE,+PILOTE | VERRE-PYREX,DIA.60MM EP3.5MM BLANC | MANOMETRE MIX-150-D 1/2""NPT ECHELLE:0 @ | TRANSMETTEUR DE PRESSION DIFFE- RENTIELL | THERMOCOUPLE CHROMEL-ALUMEL CHEMISE INOX";;"1 | 1 | 1 | 1 | 1 | 1 | 1 | 1 | 1 | 1";"PCE | PCE | PCE | PCE | PCE | PCE | PCE | PCE | PCE | PCE";"2015-02-24 | 2025-07-23 | 2025-07-23 | 2025-07-23 | 2025-07-23 | 2025-07-23 | 2025-07-23 | 2025-07-23 | 2025-07-23 | 2025-07-23";2015-02-24;2025-07-23
15;"NIVEAU CAISSE EAU CYLINDRES DN20 PN16";LIAL894211;10;255,1908,1907,1906,1905,1904,1903,1902,1901,1900;"SAP | SAP_VALIDE | SAP_VALIDE | SAP_VALIDE | SAP_VALIDE | SAP_VALIDE | SAP_VALIDE | SAP_VALIDE | SAP_VALIDE | SAP_VALIDE";;"TUBE PLEXI LONGUEUR 1040 MM POUR ENTR'AX | CONTACTEUR,MANO 30-40BAR NV/TP37-P30-40 | JOINT,CHAPEAU CD11 REP.8/CLAPET CD11 | RESSORT,CLAPET CD11 REP.7/CLAPET CD11 | CLAPET,CD11 REP.6/CLAPET DECANTEUR CD11 | JOINT,REP.5/CLAPET DECANTEUR CD11 | SIEGE,REP.4/CLAPET DECANTEUR CD11 | JOINT,SIEGE CD11 REP.3/CLAPET CD11 | FILTRE,BRONZE FRITTE CD11 REP.2/CLAPET | DECOMPRESSEUR TP37 REF,NV200-2000 P/CLAP";;"1 | 1 | 1 | 1 | 1 | 1 | 1 | 1 | 1 | 1";"PCE | PCE | PCE | PCE | PCE | PCE | PCE | PCE | PCE | PCE";"2015-02-24 | 2025-07-23 | 2025-07-23 | 2025-07-23 | 2025-07-23 | 2025-07-23 | 2025-07-23 | 2025-07-23 | 2025-07-23 | 2025-07-23";2015-02-24;2025-07-23
16;"NIVEAU CAISSE EGOUTTURE";LI890292;10;220,2165,2164,2163,2162,2161,2160,2159,2158,2157;"SAP | SAP_VALIDE | SAP_VALIDE | SAP_VALIDE | SAP_VALIDE | SAP_VALIDE | SAP_VALIDE | SAP_VALIDE | SAP_VALIDE | SAP_VALIDE";;"TUBE PLEXI LONGEUR 640 MM POUR ENTR'AXE | SECTIONNEUR TRIPOLAIRE AVEC SYS- TEME CO | CONTACTEUR TRIPOLAIRE 65A 10+1F 220V 50H | RELAIS THERMIQUE REF,LR2D1314 POSTE:32 3 | FUSIBLE CARTOUCHE R3A AM A PERCUTEUR TAI | CARTOUCHE,FUSIBLE+PERCUTEUR 10X38 G1 | CONTACT ""0"" REF,ZB2-BE102 POUR UNITE DE | RELAIS,INSTANTANE REF.LR2D3353 220V 50HZ | AMPOULE NEON CULOTT BASS 220V DIAM,22,2 | CONTACTEUR,80A 10+1F 220V 50HZ LR2D1305";;"1 | 1 | 1 | 1 | 1 | 1 | 1 | 1 | 1 | 1";"PCE | PCE | PCE | PCE | PCE | PCE | PCE | PCE | PCE | PCE";"2015-02-24 | 2025-07-23 | 2025-07-23 | 2025-07-23 | 2025-07-23 | 2025-07-23 | 2025-07-23 | 2025-07-23 | 2025-07-23 | 2025-07-23";2015-02-24;2025-07-23
17;"APP BRIDE INVERSEUR SEC BALLON VAPEUR";LSH890321;9;276,1715,1714,1713,1712,1711,1710,1709,1708;"SAP | SAP_VALIDE | SAP_VALIDE | SAP_VALIDE | SAP_VALIDE | SAP_VALIDE | SAP_VALIDE | SAP_VALIDE | SAP_VALIDE";;"FLOTTEUR AVEC EXTENSION MAGNETI- QUE P/A | SECTIONNEUR GK1-EX 50A+CDE+PORTE 2/24+AC | CONTACTEUR TRIPOLAIRE 12A 1F 220V 50HZ R | RELAIS THERMIQUE POSTE 23 2,5/4A REF,LC1 | FUSIBLE REF,DF 3EA06 POSTE 53 6A TYPE AM | CARTOUCHE,FUSIBLE+PERCUTEUR 10X38 G1 | CONTACT ""0"" REF,ZB2-BE102 POUR UNITE DE | RELAIS,INSTANTANE REF.LR2D3353 220V 50HZ | AMPOULE NEON CULOTT BASS 220V DIAM,22,2";;"1 | 1 | 1 | 1 | 1 | 1 | 1 | 1 | 1";"PCE | PCE | PCE | PCE | PCE | PCE | PCE | PCE | PCE";"2015-02-24 | 2025-07-23 | 2025-07-23 | 2025-07-23 | 2025-07-23 | 2025-07-23 | 2025-07-23 | 2025-07-23 | 2025-07-23";2015-02-24;2025-07-23
18;"APP BRIDE INVERSEUR SEC BALLON VAPEUR";LSL890321;9;291,1590,1589,1588,1587,1586,1585,1584,1583;"SAP | SAP_VALIDE | SAP_VALIDE | SAP_VALIDE | SAP_VALIDE | SAP_VALIDE | SAP_VALIDE | SAP_VALIDE | SAP_VALIDE";;"FLOTTEUR AVEC EXTENSION MAGNETI- QUE P/A | SECTIONNEUR GK1-EX 50A+CDE+PORTE 2/24+AC | CONTACTEUR TRIPOLAIRE 12A 1F 220V 50HZ R | RELAIS THERMIQUE POSTE 23 2,5/4A REF,LC1 | FUSIBLE REF,DF 3EA06 POSTE 53 6A TYPE AM | CARTOUCHE,FUSIBLE+PERCUTEUR 10X38 G1 | CONTACT ""0"" REF,ZB2-BE102 POUR UNITE DE | RELAIS,INSTANTANE REF.LR2D3353 220V 50HZ | AMPOULE NEON CULOTT BASS 220V DIAM,22,2";;"1 | 1 | 1 | 1 | 1 | 1 | 1 | 1 | 1";"PCE | PCE | PCE | PCE | PCE | PCE | PCE | PCE | PCE";"2015-02-24 | 2025-07-23 | 2025-07-23 | 2025-07-23 | 2025-07-23 | 2025-07-23 | 2025-07-23 | 2025-07-23 | 2025-07-23";2015-02-24;2025-07-23
19;"BRIDE DN 20 PN16 C A C 1300 D=0,98";LI28-4;9;209,2236,2235,2234,2233,2232,2231,2230,2229;"SAP | SAP_VALIDE | SAP_VALIDE | SAP_VALIDE | SAP_VALIDE | SAP_VALIDE | SAP_VALIDE | SAP_VALIDE | SAP_VALIDE";;"TUBE PLEXI LONGUEUR 1440MM POUR ENTRAXE | SECTIONNEUR GK1 FW 22X58 3P+2F+1 DPMM+CD | CONTACTEUR TRIPOLAIRE 65A 10+1F 220V 50H | RELAIS THERMIQUE REF,LC1D2510M5 POSTE:31 | FUSIBLE CARTOUCHE R3A AM A PERCUTEUR TAI | CARTOUCHE,FUSIBLE+PERCUTEUR 10X38 G1 | CONTACT ""0"" REF,ZB2-BE102 POUR UNITE DE | RELAIS,INSTANTANE REF.LR2D3353 220V 50HZ | AMPOULE NEON CULOTT BASS 220V DIAM,22,2";;"1 | 1 | 1 | 1 | 1 | 1 | 1 | 1 | 1";"PCE | PCE | PCE | PCE | PCE | PCE | PCE | PCE | PCE";"2015-02-24 | 2025-07-23 | 2025-07-23 | 2025-07-23 | 2025-07-23 | 2025-07-23 | 2025-07-23 | 2025-07-23 | 2025-07-23";2015-02-24;2025-07-23
20;"BRIDE DN 20 PN16 C A C=1000 D=0,98";LI26-2;9;208,2244,2243,2242,2241,2240,2239,2238,2237;"SAP | SAP_VALIDE | SAP_VALIDE | SAP_VALIDE | SAP_VALIDE | SAP_VALIDE | SAP_VALIDE | SAP_VALIDE | SAP_VALIDE";;"TUBE PLEXI LONGEUR 1140 MM POUR ENTR'AXE | SECTIONNEUR GK1 FW 22X58 3P+2F+1 DPMM+CD | CONTACTEUR TRIPOLAIRE 65A 10+1F 220V 50H | RELAIS THERMIQUE REF,LR2D1314 POSTE:32 3 | FUSIBLE CARTOUCHE R3A AM A PERCUTEUR TAI | CARTOUCHE,FUSIBLE+PERCUTEUR 10X38 G1 | CONTACT ""0"" REF,ZB2-BE102 POUR UNITE DE | RELAIS,INSTANTANE REF.LR2D3353 220V 50HZ | AMPOULE NEON CULOTT BASS 220V DIAM,22,2";;"1 | 1 | 1 | 1 | 1 | 1 | 1 | 1 | 1";"PCE | PCE | PCE | PCE | PCE | PCE | PCE | PCE | PCE";"2015-02-24 | 2025-07-23 | 2025-07-23 | 2025-07-23 | 2025-07-23 | 2025-07-23 | 2025-07-23 | 2025-07-23 | 2025-07-23";2015-02-24;2025-07-23
21;"BRIDE DN20 PN16 TUBE PLEXI A C=900 D=1";LI21-5;9;207,2246,2245,2252,2251,2250,2249,2248,2247;"SAP | SAP_VALIDE | SAP_VALIDE | SAP_VALIDE | SAP_VALIDE | SAP_VALIDE | SAP_VALIDE | SAP_VALIDE | SAP_VALIDE";;"TUBE PLEXI LONGUEUR 1040 MM POUR ENTR'AX | RELAIS,INSTANTANE REF.LR2D3353 220V 50HZ | AMPOULE NEON CULOTT BASS 220V DIAM,22,2 | SECTIONNEUR GK1-EX 50A+CDE+PORTE 2/24+AC | CONTACTEUR TRIPOLAIRE BOBINE 220VCA 40A | RELAIS THERMIQUE REF,LC1D1210M5 POSTE:30 | FUSIBLE REF,DF 3EA40 POSTE 59 40A TYPE A | CARTOUCHE,FUSIBLE+PERCUTEUR 10X38 G1 | CONTACT ""0"" REF,ZB2-BE102 POUR UNITE DE";;"1 | 1 | 1 | 1 | 1 | 1 | 1 | 1 | 1";"PCE | PCE | PCE | PCE | PCE | PCE | PCE | PCE | PCE";"2015-02-24 | 2025-07-23 | 2025-07-23 | 2025-07-24 | 2025-07-24 | 2025-07-24 | 2025-07-24 | 2025-07-24 | 2025-07-24";2015-02-24;2025-07-24
22;"CONTACTEUR DE HAUT NIVEAU D6100S.D.M.I.";LSH6103;9;270,1765,1764,1763,1762,1761,1760,1759,1758;"SAP | SAP_VALIDE | SAP_VALIDE | SAP_VALIDE | SAP_VALIDE | SAP_VALIDE | SAP_VALIDE | SAP_VALIDE | SAP_VALIDE";;"FLOTTEUR DIA,90 EP,0,5 MM P/CONTACTEUR D | SECTIONNEUR GK1-EX 50A+CDE+PORTE 2/24+AC | CONTACTEUR TRIPOLAIRE 12A 1F 220V 50HZ R | RELAIS THERMIQUE REFERENCE LC1D6511M5  P | CARTOUCHE,FUSIBLE+PERCUTEUR DF3EA02 | CARTOUCHE,FUSIBLE+PERCUTEUR 10X38 G1 | CONTACT ""0"" REF,ZB2-BE102 POUR UNITE DE | RELAIS,INSTANTANE REF.LR2D3353 220V 50HZ | AMPOULE NEON CULOTT BASS 220V DIAM,22,2";;"1 | 1 | 1 | 1 | 1 | 1 | 1 | 1 | 1";"PCE | PCE | PCE | PCE | PCE | PCE | PCE | PCE | PCE";"2015-02-24 | 2025-07-23 | 2025-07-23 | 2025-07-23 | 2025-07-23 | 2025-07-23 | 2025-07-23 | 2025-07-23 | 2025-07-23";2015-02-24;2025-07-23
23;"EAU D1007";LICV1013A;9;269,1773,1772,1771,1770,1769,1768,1767,1766;"SAP | SAP_VALIDE | SAP_VALIDE | SAP_VALIDE | SAP_VALIDE | SAP_VALIDE | SAP_VALIDE | SAP_VALIDE | SAP_VALIDE";;"SIEGE SUPERIEUR REF,GH100480 P/VANNE TYP | CONTACTEUR TRIPOLAIRE 12A 1F 220V 50HZ R | SECTIONNEUR GK1-EX 50A+CDE+PORTE 2/24+AC | RELAIS THERMIQUE REFERENCE LC1D6511M5  P | CARTOUCHE,FUSIBLE+PERCUTEUR DF3EA02 | CARTOUCHE,FUSIBLE+PERCUTEUR 10X38 G1 | CONTACT ""0"" REF,ZB2-BE102 POUR UNITE DE | RELAIS,INSTANTANE REF.LR2D3353 220V 50HZ | AMPOULE NEON CULOTT BASS 220V DIAM,22,2";;"1 | 1 | 1 | 1 | 1 | 1 | 1 | 1 | 1";"PCE | PCE | PCE | PCE | PCE | PCE | PCE | PCE | PCE";"2015-02-24 | 2025-07-23 | 2025-07-23 | 2025-07-23 | 2025-07-23 | 2025-07-23 | 2025-07-23 | 2025-07-23 | 2025-07-23";2015-02-24;2025-07-23
24;"INDICATEUR DE NIVEAU DU 0-27-V1A";LI8902712;9;215,2203,2202,2201,2200,2199,2198,2197,2196;"SAP | SAP_VALIDE | SAP_VALIDE | SAP_VALIDE | SAP_VALIDE | SAP_VALIDE | SAP_VALIDE | SAP_VALIDE | SAP_VALIDE";;"TUBE PLEXI LONGUEUR 1440MM POUR ENTRAXE | SECTIONNEUR GK1-EX 50A+CDE+PORTE 2/24+AC | CONTACTEUR TRIPOLAIRE 12A 1F 220V 50HZ R | RELAIS THERMIQUE REFERENCE LR1D0 9307 PO | FUSIBLE REF,DF 3EA04 POSTE 5 4A AM AVEC | CARTOUCHE,FUSIBLE+PERCUTEUR 10X38 G1 | CONTACT ""0"" REF,ZB2-BE102 POUR UNITE DE | RELAIS,INSTANTANE REF.LR2D3353 220V 50HZ | AMPOULE NEON CULOTT BASS 220V DIAM,22,2";;"1 | 1 | 1 | 1 | 1 | 1 | 1 | 1 | 1";"PCE | PCE | PCE | PCE | PCE | PCE | PCE | PCE | PCE";"2015-02-24 | 2025-07-23 | 2025-07-23 | 2025-07-23 | 2025-07-23 | 2025-07-23 | 2025-07-23 | 2025-07-23 | 2025-07-23";2015-02-24;2025-07-23
25;"INDICATEUR DE NIVEAU DU 0-28.V1";LI8902827;9;217,2179,2178,2177,2176,2175,2174,2173,2172;"SAP | SAP_VALIDE | SAP_VALIDE | SAP_VALIDE | SAP_VALIDE | SAP_VALIDE | SAP_VALIDE | SAP_VALIDE | SAP_VALIDE";;"TUBE PLEXI LONGEUR 940 MM POUR ENTR'AXE | FUSIBLE REF,DF 4HA1201 POSTE 65 200A TYP | FUSIBLE REF,DF 4GA1161 POSTE 64 160A TYP | CARTOUCHE,FUSIBLE+PERCUTEUR 10X38 G1 | CARTOUCHE,FUSIBLE+PERCUTEUR DF3EA02 | RELAIS,INSTANTANE REF.LR2D3353 220V 50HZ | FUSIBLE,CAPELIN 521CPAM14-51 25A TYPE AM | CARTOUCHE,FUSIBLE+PERCUTEUR DF 3EA08 | FUSIBLE,CAPELIN 5822AM100 100A TYPE AM";;"1 | 1 | 1 | 1 | 1 | 1 | 1 | 1 | 1";"PCE | PCE | PCE | PCE | PCE | PCE | PCE | PCE | PCE";"2015-02-24 | 2025-07-23 | 2025-07-23 | 2025-07-23 | 2025-07-23 | 2025-07-23 | 2025-07-23 | 2025-07-23 | 2025-07-23";2015-02-24;2025-07-23
26;"INDICATEUR DE NIVEAU DU 0-29-V1A";LI890295;9;221,2156,2155,2154,2153,2152,2151,2150,2149;"SAP | SAP_VALIDE | SAP_VALIDE | SAP_VALIDE | SAP_VALIDE | SAP_VALIDE | SAP_VALIDE | SAP_VALIDE | SAP_VALIDE";;"TUBE PLEXI LONGEUR 640 MM POUR ENTR'AXE | SECTIONNEUR TRIPOLAIRE AVEC SYS- TEME CO | CONTACTEUR TRIPOLAIRE 65A 10+1F 220V 50H | RELAIS THERMIQUE REF,LR2D1314 POSTE:32 3 | FUSIBLE CARTOUCHE R3A AM A PERCUTEUR TAI | CARTOUCHE,FUSIBLE+PERCUTEUR 10X38 G1 | CONTACT ""0"" REF,ZB2-BE102 POUR UNITE DE | RELAIS,INSTANTANE REF.LR2D3353 220V 50HZ | AMPOULE NEON CULOTT BASS 220V DIAM,22,2";;"1 | 1 | 1 | 1 | 1 | 1 | 1 | 1 | 1";"PCE | PCE | PCE | PCE | PCE | PCE | PCE | PCE | PCE";"2015-02-24 | 2025-07-23 | 2025-07-23 | 2025-07-23 | 2025-07-23 | 2025-07-23 | 2025-07-23 | 2025-07-23 | 2025-07-23";2015-02-24;2025-07-23
27;"INDICATEUR DE NIVEAU DU 0-29-V1A";LI890298;9;222,2148,2147,2146,2145,2144,2143,2142,2141;"SAP | SAP_VALIDE | SAP_VALIDE | SAP_VALIDE | SAP_VALIDE | SAP_VALIDE | SAP_VALIDE | SAP_VALIDE | SAP_VALIDE";;"TUBE PLEXI LONGEUR 640 MM POUR ENTR'AXE | SECTIONNEUR GK1-EX 50A+CDE+PORTE 2/24+AC | CONTACTEUR TRIPOLAIRE 12A 1F 220V 50HZ R | RELAIS THERMIQUE REFERENCE LC1D0910Q5 P/ | FUSIBLE REF,DF 3EA12 POSTE 55 TYPE:AM AV | CARTOUCHE,FUSIBLE+PERCUTEUR 10X38 G1 | CONTACT ""0"" REF,ZB2-BE102 POUR UNITE DE | RELAIS,INSTANTANE REF.LR2D3353 220V 50HZ | AMPOULE NEON CULOTT BASS 220V DIAM,22,2";;"1 | 1 | 1 | 1 | 1 | 1 | 1 | 1 | 1";"PCE | PCE | PCE | PCE | PCE | PCE | PCE | PCE | PCE";"2015-02-24 | 2025-07-23 | 2025-07-23 | 2025-07-23 | 2025-07-23 | 2025-07-23 | 2025-07-23 | 2025-07-23 | 2025-07-23";2015-02-24;2025-07-23
28;"INDICATEUR DE NIVEAU DU 0-32-V1A";LI890326;9;223,2140,2139,2138,2137,2136,2135,2134,2133;"SAP | SAP_VALIDE | SAP_VALIDE | SAP_VALIDE | SAP_VALIDE | SAP_VALIDE | SAP_VALIDE | SAP_VALIDE | SAP_VALIDE";;"TUBE PLEXI LONGEUR 940 MM POUR ENTR'AXE | SECTIONNEUR GK1-EX 50A+CDE+PORTE 2/24+AC | CONTACTEUR TRIPOLAIRE 12A 1F 220V 50HZ R | RELAIS THERMIQUE REF,LC1D8011M5 POSTE 20 | CARTOUCHE,FUSIBLE+PERCUTEUR DF3EA02 | CARTOUCHE,FUSIBLE+PERCUTEUR 10X38 G1 | CONTACT ""0"" REF,ZB2-BE102 POUR UNITE DE | RELAIS,INSTANTANE REF.LR2D3353 220V 50HZ | AMPOULE NEON CULOTT BASS 220V DIAM,22,2";;"1 | 1 | 1 | 1 | 1 | 1 | 1 | 1 | 1";"PCE | PCE | PCE | PCE | PCE | PCE | PCE | PCE | PCE";"2015-02-24 | 2025-07-23 | 2025-07-23 | 2025-07-23 | 2025-07-23 | 2025-07-23 | 2025-07-23 | 2025-07-23 | 2025-07-23";2015-02-24;2025-07-23
29;"INDICATEUR DE NIVEAU DU 1-28-V2";LI891284;9;228,2100,2099,2098,2097,2096,2095,2094,2093;"SAP | SAP_VALIDE | SAP_VALIDE | SAP_VALIDE | SAP_VALIDE | SAP_VALIDE | SAP_VALIDE | SAP_VALIDE | SAP_VALIDE";;"TUBE PLEXI LONGUEUR 1440MM POUR ENTRAXE | SECTIONNEUR GK1-EX 50A+CDE+PORTE 2/24+AC | CONTACTEUR TRIPOLAIRE 12A 1F 220V 50HZ R | RELAIS THERMIQUE REF,LC1D1810M5 POSTE:24 | CARTOUCHE,FUSIBLE+PERCUTEUR DF 3EA08 | CARTOUCHE,FUSIBLE+PERCUTEUR 10X38 G1 | RELAIS,INSTANTANE REF.LR2D3353 220V 50HZ | AMPOULE NEON CULOTT BASS 220V DIAM,22,2 | CONTACT ""0"" REF,ZB2-BE102 POUR UNITE DE";;"1 | 1 | 1 | 1 | 1 | 1 | 1 | 1 | 1";"PCE | PCE | PCE | PCE | PCE | PCE | PCE | PCE | PCE";"2015-02-24 | 2025-07-23 | 2025-07-23 | 2025-07-23 | 2025-07-23 | 2025-07-23 | 2025-07-23 | 2025-07-23 | 2025-07-23";2015-02-24;2025-07-23
30;"INDICATEUR DE NIVEAU DU 1.26.V1TYPE";LI891262;9;226,2116,2115,2114,2113,2112,2111,2110,2109;"SAP | SAP_VALIDE | SAP_VALIDE | SAP_VALIDE | SAP_VALIDE | SAP_VALIDE | SAP_VALIDE | SAP_VALIDE | SAP_VALIDE";;"TUBE PLEXI LONGEUR 1140 MM POUR ENTR'AXE | SECTIONNEUR GK1-EX 50A+CDE+PORTE 2/24+AC | CONTACTEUR TRIPOLAIRE BOBINE 220VCA 40A | RELAIS THERMIQUE REFERENCE RHN411M POSTE | CARTOUCHE,FUSIBLE+PERCUTEUR DF3EA25 | CARTOUCHE,FUSIBLE+PERCUTEUR 10X38 G1 | CONTACT ""0"" REF,ZB2-BE102 POUR UNITE DE | RELAIS,INSTANTANE REF.LR2D3353 220V 50HZ | AMPOULE NEON CULOTT BASS 220V DIAM,22,2";;"1 | 1 | 1 | 1 | 1 | 1 | 1 | 1 | 1";"PCE | PCE | PCE | PCE | PCE | PCE | PCE | PCE | PCE";"2015-02-24 | 2025-07-23 | 2025-07-23 | 2025-07-23 | 2025-07-23 | 2025-07-23 | 2025-07-23 | 2025-07-23 | 2025-07-23";2015-02-24;2025-07-23
31;"INDICATEUR DE NIVEAU DU 2-28.V2";LI892284;9;233,2060,2059,2058,2057,2056,2055,2054,2053;"SAP | SAP_VALIDE | SAP_VALIDE | SAP_VALIDE | SAP_VALIDE | SAP_VALIDE | SAP_VALIDE | SAP_VALIDE | SAP_VALIDE";;"TUBE PLEXI LONGUEUR 1440MM POUR ENTRAXE | SECTIONNEUR GK1 FW 22X58 3P+2F+1 DPMM+CD | CONTACTEUR TRIPOLAIRE 65A 10+1F 220V 50H | RELAIS THERMIQUE REF,LR2D1314 POSTE:32 3 | FUSIBLE CARTOUCHE R3A AM A PERCUTEUR TAI | CARTOUCHE,FUSIBLE+PERCUTEUR 10X38 G1 | CONTACT ""0"" REF,ZB2-BE102 POUR UNITE DE | RELAIS,INSTANTANE REF.LR2D3353 220V 50HZ | AMPOULE NEON CULOTT BASS 220V DIAM,22,2";;"1 | 1 | 1 | 1 | 1 | 1 | 1 | 1 | 1";"PCE | PCE | PCE | PCE | PCE | PCE | PCE | PCE | PCE";"2015-02-24 | 2025-07-23 | 2025-07-23 | 2025-07-23 | 2025-07-23 | 2025-07-23 | 2025-07-23 | 2025-07-23 | 2025-07-23";2015-02-24;2025-07-23
32;"INDICATEUR DE NIVEAU DU 2.25.V1";LI892251;9;229,2092,2091,2090,2089,2088,2087,2086,2085;"SAP | SAP_VALIDE | SAP_VALIDE | SAP_VALIDE | SAP_VALIDE | SAP_VALIDE | SAP_VALIDE | SAP_VALIDE | SAP_VALIDE";;"TUBE PLEXI LONGEUR 740 MM POUR ENTR'AXE | SECTIONNEUR GK1 FW 22X58 3P+2F+1 DPMM+CD | CONTACTEUR TRIPOLAIRE 65A 10+1F 220V 50H | RELAIS THERMIQUE REF,LR2D1314 POSTE:32 3 | FUSIBLE CARTOUCHE R3A AM A PERCUTEUR TAI | CARTOUCHE,FUSIBLE+PERCUTEUR 10X38 G1 | CONTACT ""0"" REF,ZB2-BE102 POUR UNITE DE | AMPOULE NEON CULOTT BASS 220V DIAM,22,2 | RELAIS,INSTANTANE REF.LR2D3353 220V 50HZ";;"1 | 1 | 1 | 1 | 1 | 1 | 1 | 1 | 1";"PCE | PCE | PCE | PCE | PCE | PCE | PCE | PCE | PCE";"2015-02-24 | 2025-07-23 | 2025-07-23 | 2025-07-23 | 2025-07-23 | 2025-07-23 | 2025-07-23 | 2025-07-23 | 2025-07-23";2015-02-24;2025-07-23
33;"INDICATEUR DE NIVEAU DU 2.26.V1";LI892262;9;231,2076,2075,2074,2073,2072,2071,2070,2069;"SAP | SAP_VALIDE | SAP_VALIDE | SAP_VALIDE | SAP_VALIDE | SAP_VALIDE | SAP_VALIDE | SAP_VALIDE | SAP_VALIDE";;"TUBE PLEXI LONGEUR 1140 MM POUR ENTR'AXE | SECTIONNEUR GK1 FW 22X58 3P+2F+1 DPMM+CD | CONTACTEUR TRIPOLAIRE 65A 10+1F 220V 50H | RELAIS THERMIQUE REF,LR2D1314 POSTE:32 3 | FUSIBLE CARTOUCHE R3A AM A PERCUTEUR TAI | CARTOUCHE,FUSIBLE+PERCUTEUR 10X38 G1 | CONTACT ""0"" REF,ZB2-BE102 POUR UNITE DE | AMPOULE NEON CULOTT BASS 220V DIAM,22,2 | RELAIS,INSTANTANE REF.LR2D3353 220V 50HZ";;"1 | 1 | 1 | 1 | 1 | 1 | 1 | 1 | 1";"PCE | PCE | PCE | PCE | PCE | PCE | PCE | PCE | PCE";"2015-02-24 | 2025-07-23 | 2025-07-23 | 2025-07-23 | 2025-07-23 | 2025-07-23 | 2025-07-23 | 2025-07-23 | 2025-07-23";2015-02-24;2025-07-23
34;"INDICATEUR DE NIVEAU DU 3-25-V1";LI893251;9;234,2052,2051,2050,2049,2048,2047,2046,2045;"SAP | SAP_VALIDE | SAP_VALIDE | SAP_VALIDE | SAP_VALIDE | SAP_VALIDE | SAP_VALIDE | SAP_VALIDE | SAP_VALIDE";;"TUBE PLEXI LONGEUR 740 MM POUR ENTR'AXE | SECTIONNEUR GK1 FW 22X58 3P+2F+1 DPMM+CD | CONTACTEUR TRIPOLAIRE 65A 10+1F 220V 50H | RELAIS THERMIQUE REF,LR2D1314 POSTE:32 3 | FUSIBLE CARTOUCHE R3A AM A PERCUTEUR TAI | CARTOUCHE,FUSIBLE+PERCUTEUR 10X38 G1 | CONTACT ""0"" REF,ZB2-BE102 POUR UNITE DE | RELAIS,INSTANTANE REF.LR2D3353 220V 50HZ | AMPOULE NEON CULOTT BASS 220V DIAM,22,2";;"1 | 1 | 1 | 1 | 1 | 1 | 1 | 1 | 1";"PCE | PCE | PCE | PCE | PCE | PCE | PCE | PCE | PCE";"2015-02-24 | 2025-07-23 | 2025-07-23 | 2025-07-23 | 2025-07-23 | 2025-07-23 | 2025-07-23 | 2025-07-23 | 2025-07-23";2015-02-24;2025-07-23
35;"INDICATEUR DE NIVEAU DU 3.21.V1";LIAL893215;9;252,1930,1929,1928,1927,1926,1925,1932,1931;"SAP | SAP_VALIDE | SAP_VALIDE | SAP_VALIDE | SAP_VALIDE | SAP_VALIDE | SAP_VALIDE | SAP_VALIDE | SAP_VALIDE";;"TUBE PLEXI LONGUEUR 1040 MM POUR ENTR'AX | RELAIS THERMIQUE REF,LC1D1810M5 POSTE:24 | FUSIBLE REF,DF 3EA04 POSTE 5 4A AM AVEC | CARTOUCHE,FUSIBLE+PERCUTEUR 10X38 G1 | CONTACT ""0"" REF,ZB2-BE102 POUR UNITE DE | RELAIS,INSTANTANE REF.LR2D3353 220V 50HZ | AMPOULE NEON CULOTT BASS 220V DIAM,22,2 | SECTIONNEUR GK1-EX 50A+CDE+PORTE 2/24+AC | CONTACTEUR TRIPOLAIRE 12A 1F 220V 50HZ R";;"1 | 1 | 1 | 1 | 1 | 1 | 1 | 1 | 1";"PCE | PCE | PCE | PCE | PCE | PCE | PCE | PCE | PCE";"2015-02-24 | 2025-07-23 | 2025-07-23 | 2025-07-23 | 2025-07-23 | 2025-07-23 | 2025-07-23 | 2025-07-23 | 2025-07-23";2015-02-24;2025-07-23
36;"INDICATEUR DE NIVEAU DU 3.23.V1";LIAL8932312;9;254,1916,1915,1914,1913,1912,1911,1910,1909;"SAP | SAP_VALIDE | SAP_VALIDE | SAP_VALIDE | SAP_VALIDE | SAP_VALIDE | SAP_VALIDE | SAP_VALIDE | SAP_VALIDE";;"TUBE PLEXI LONGUEUR 1340MM POUR ENTRAXE | SECTIONNEUR GK1-EX 50A+CDE+PORTE 2/24+AC | CONTACTEUR TRIPOLAIRE 12A 1F 220V 50HZ R | RELAIS THERMIQUE REF,LC1D8011M5 POSTE 20 | FUSIBLE REF,DF 3EA01 POSTE 50 1A TYPE AM | CARTOUCHE,FUSIBLE+PERCUTEUR 10X38 G1 | CONTACT ""0"" REF,ZB2-BE102 POUR UNITE DE | RELAIS,INSTANTANE REF.LR2D3353 220V 50HZ | AMPOULE NEON CULOTT BASS 220V DIAM,22,2";;"1 | 1 | 1 | 1 | 1 | 1 | 1 | 1 | 1";"PCE | PCE | PCE | PCE | PCE | PCE | PCE | PCE | PCE";"2015-02-24 | 2025-07-23 | 2025-07-23 | 2025-07-23 | 2025-07-23 | 2025-07-23 | 2025-07-23 | 2025-07-23 | 2025-07-23";2015-02-24;2025-07-23
37;"INDICATEUR DE NIVEAU DU 3.26.V1";LI893262;9;236,2036,2035,2034,2033,2032,2031,2030,2029;"SAP | SAP_VALIDE | SAP_VALIDE | SAP_VALIDE | SAP_VALIDE | SAP_VALIDE | SAP_VALIDE | SAP_VALIDE | SAP_VALIDE";;"TUBE PLEXI LONGEUR 1140 MM POUR ENTR'AXE | SECTIONNEUR GK1-EX 50A+CDE+PORTE 2/24+AC | CONTACTEUR TRIPOLAIRE BOBINE 220VCA 40A | RELAIS THERMIQUE REF,LR2D1321 P/TABLEAUX | FUSIBLE REF,DF 3EA40 POSTE 59 40A TYPE A | CARTOUCHE,FUSIBLE+PERCUTEUR 10X38 G1 | CONTACT ""0"" REF,ZB2-BE102 POUR UNITE DE | RELAIS,INSTANTANE REF.LR2D3353 220V 50HZ | AMPOULE NEON CULOTT BASS 220V DIAM,22,2";;"1 | 1 | 1 | 1 | 1 | 1 | 1 | 1 | 1";"PCE | PCE | PCE | PCE | PCE | PCE | PCE | PCE | PCE";"2015-02-24 | 2025-07-23 | 2025-07-23 | 2025-07-23 | 2025-07-23 | 2025-07-23 | 2025-07-23 | 2025-07-23 | 2025-07-23";2015-02-24;2025-07-23
38;"INDICATEUR DE NIVEAU DU 3.28.V2";LI893284;9;238,2020,2019,2018,2017,2016,2015,2014,2013;"SAP | SAP_VALIDE | SAP_VALIDE | SAP_VALIDE | SAP_VALIDE | SAP_VALIDE | SAP_VALIDE | SAP_VALIDE | SAP_VALIDE";;"TUBE PLEXI LONGUEUR 1440MM POUR ENTRAXE | SECTIONNEUR GK1-EX 50A+CDE+PORTE 2/24+AC | CONTACTEUR TRIPOLAIRE 12A 1F 220V 50HZ R | RELAIS THERMIQUE REFERENCE LR1D0 9307 PO | FUSIBLE REF,DF 3EA04 POSTE 5 4A AM AVEC | CARTOUCHE,FUSIBLE+PERCUTEUR 10X38 G1 | CONTACT ""0"" REF,ZB2-BE102 POUR UNITE DE | RELAIS,INSTANTANE REF.LR2D3353 220V 50HZ | AMPOULE NEON CULOTT BASS 220V DIAM,22,2";;"1 | 1 | 1 | 1 | 1 | 1 | 1 | 1 | 1";"PCE | PCE | PCE | PCE | PCE | PCE | PCE | PCE | PCE";"2015-02-24 | 2025-07-23 | 2025-07-23 | 2025-07-23 | 2025-07-23 | 2025-07-23 | 2025-07-23 | 2025-07-23 | 2025-07-23";2015-02-24;2025-07-23
39;"INDICATEUR DE NIVEAU DU 4-28.V2";LI894284;9;243,1975,1974,1973,1972,1971,1970,1969,1968;"SAP | SAP_VALIDE | SAP_VALIDE | SAP_VALIDE | SAP_VALIDE | SAP_VALIDE | SAP_VALIDE | SAP_VALIDE | SAP_VALIDE";;"TUBE PLEXI LONGUEUR 1440MM POUR ENTRAXE | SECTIONNEUR GK1-EX 50A+CDE+PORTE 2/24+AC | CONTACTEUR TRIPOLAIRE BOBINE 220VCA 40A | RELAIS THERMIQUE REF,LC1D1210M5 POSTE:30 | FUSIBLE REF,DF 3EA40 POSTE 59 40A TYPE A | CARTOUCHE,FUSIBLE+PERCUTEUR 10X38 G1 | CONTACT ""0"" REF,ZB2-BE102 POUR UNITE DE | RELAIS,INSTANTANE REF.LR2D3353 220V 50HZ | AMPOULE NEON CULOTT BASS 220V DIAM,22,2";;"1 | 1 | 1 | 1 | 1 | 1 | 1 | 1 | 1";"PCE | PCE | PCE | PCE | PCE | PCE | PCE | PCE | PCE";"2015-02-24 | 2025-07-23 | 2025-07-23 | 2025-07-23 | 2025-07-23 | 2025-07-23 | 2025-07-23 | 2025-07-23 | 2025-07-23";2015-02-24;2025-07-23
40;"MATERIEL CONTACT HAUT CAISSE RECUP HUILE";LSH891231;9;277,1707,1706,1705,1704,1703,1702,1701,1700;"SAP | SAP_VALIDE | SAP_VALIDE | SAP_VALIDE | SAP_VALIDE | SAP_VALIDE | SAP_VALIDE | SAP_VALIDE | SAP_VALIDE";;"CONTACT INVERSEUR ETANCHE AVEC SUPPORT T | SECTIONNEUR GK1-EX 50A+CDE+PORTE 2/24+AC | CONTACTEUR TRIPOLAIRE 12A 1F 220V 50HZ R | RELAIS THERMIQUE POSTE 23 2,5/4A REF,LC1 | FUSIBLE REF,DF 3EA06 POSTE 53 6A TYPE AM | CARTOUCHE,FUSIBLE+PERCUTEUR 10X38 G1 | CONTACT ""0"" REF,ZB2-BE102 POUR UNITE DE | RELAIS,INSTANTANE REF.LR2D3353 220V 50HZ | AMPOULE NEON CULOTT BASS 220V DIAM,22,2";;"1 | 1 | 1 | 1 | 1 | 1 | 1 | 1 | 1";"PCE | PCE | PCE | PCE | PCE | PCE | PCE | PCE | PCE";"2015-02-24 | 2025-07-23 | 2025-07-23 | 2025-07-23 | 2025-07-23 | 2025-07-23 | 2025-07-23 | 2025-07-23 | 2025-07-23";2015-02-24;2025-07-23
41;"MATERIEL CONTACT HAUT CAISSE RECUP HUILE";LSH893231;9;281,1674,1673,1672,1671,1670,1669,1668,1667;"SAP | SAP_VALIDE | SAP_VALIDE | SAP_VALIDE | SAP_VALIDE | SAP_VALIDE | SAP_VALIDE | SAP_VALIDE | SAP_VALIDE";;"CONTACT INVERSEUR ETANCHE AVEC SUPPORT T | SECTIONNEUR GK1-EX 50A+CDE+PORTE 2/24+AC | CONTACTEUR TRIPOLAIRE BOBINE 220VCA 40A | RELAIS THERMIQUE REFERENCE RHN411M POSTE | CARTOUCHE,FUSIBLE+PERCUTEUR DF3EA25 | CARTOUCHE,FUSIBLE+PERCUTEUR 10X38 G1 | CONTACT ""0"" REF,ZB2-BE102 POUR UNITE DE | RELAIS,INSTANTANE REF.LR2D3353 220V 50HZ | AMPOULE NEON CULOTT BASS 220V DIAM,22,2";;"1 | 1 | 1 | 1 | 1 | 1 | 1 | 1 | 1";"PCE | PCE | PCE | PCE | PCE | PCE | PCE | PCE | PCE";"2015-02-24 | 2025-07-23 | 2025-07-23 | 2025-07-23 | 2025-07-23 | 2025-07-23 | 2025-07-23 | 2025-07-23 | 2025-07-23";2015-02-24;2025-07-23
42;"MATERIEL CONTACT HAUT CAISSE RECUP HUILE";LSH894231;9;283,1658,1657,1656,1655,1654,1653,1652,1651;"SAP | SAP_VALIDE | SAP_VALIDE | SAP_VALIDE | SAP_VALIDE | SAP_VALIDE | SAP_VALIDE | SAP_VALIDE | SAP_VALIDE";;"CONTACT INVERSEUR ETANCHE AVEC SUPPORT T | SECTIONNEUR GK1-EX 50A+CDE+PORTE 2/24+AC | CONTACTEUR TRIPOLAIRE BOBINE 220VCA 40A | RELAIS THERMIQUE REF,LC1D1210M5 POSTE:30 | FUSIBLE REF,DF 3EA40 POSTE 59 40A TYPE A | CARTOUCHE,FUSIBLE+PERCUTEUR 10X38 G1 | CONTACT ""0"" REF,ZB2-BE102 POUR UNITE DE | RELAIS,INSTANTANE REF.LR2D3353 220V 50HZ | AMPOULE NEON CULOTT BASS 220V DIAM,22,2";;"1 | 1 | 1 | 1 | 1 | 1 | 1 | 1 | 1";"PCE | PCE | PCE | PCE | PCE | PCE | PCE | PCE | PCE";"2015-02-24 | 2025-07-23 | 2025-07-23 | 2025-07-23 | 2025-07-23 | 2025-07-23 | 2025-07-23 | 2025-07-23 | 2025-07-23";2015-02-24;2025-07-23
43;"MATERIEL NIVEAU BAS CAISSE DE D.O";LSL8902713;9;288,1614,1613,1612,1611,1610,1608,1607,1606;"SAP | SAP_VALIDE | SAP_VALIDE | SAP_VALIDE | SAP_VALIDE | SAP_VALIDE | SAP_VALIDE | SAP_VALIDE | SAP_VALIDE";;"CONTACT INVERSEUR ETANCHE AVEC SUPPORT T | SECTIONNEUR GK1-EX 50A+CDE+PORTE 2/24+AC | CONTACTEUR TRIPOLAIRE 12A 1F 220V 50HZ R | RELAIS THERMIQUE REF,LC1D8011M5 POSTE 20 | CARTOUCHE,FUSIBLE+PERCUTEUR DF3EA02 | CARTOUCHE,FUSIBLE+PERCUTEUR 10X38 G1 | CONTACT ""0"" REF,ZB2-BE102 POUR UNITE DE | RELAIS,INSTANTANE REF.LR2D3353 220V 50HZ | AMPOULE NEON CULOTT BASS 220V DIAM,22,2";;"1 | 1 | 1 | 1 | 1 | 1 | 1 | 1 | 1";"PCE | PCE | PCE | PCE | PCE | PCE | PCE | PCE | PCE";"2015-02-24 | 2025-07-23 | 2025-07-23 | 2025-07-23 | 2025-07-23 | 2025-07-23 | 2025-07-23 | 2025-07-23 | 2025-07-23";2015-02-24;2025-07-23
44;"MATERIEL NIVEAU BAS CAISSE JOURN DE F.O";LSL891282;9;292,1582,1581,1580,1579,1578,1577,1576,1575;"SAP | SAP_VALIDE | SAP_VALIDE | SAP_VALIDE | SAP_VALIDE | SAP_VALIDE | SAP_VALIDE | SAP_VALIDE | SAP_VALIDE";;"CONTACT INVERSEUR ETANCHE AVEC SUPPORT T | SECTIONNEUR GK1-EX 50A+CDE+PORTE 2/24+AC | CONTACTEUR TRIPOLAIRE 12A 1F 220V 50HZ R | RELAIS THERMIQUE POSTE 23 2,5/4A REF,LC1 | FUSIBLE REF,DF 3EA06 POSTE 53 6A TYPE AM | CARTOUCHE,FUSIBLE+PERCUTEUR 10X38 G1 | CONTACT ""0"" REF,ZB2-BE102 POUR UNITE DE | RELAIS,INSTANTANE REF.LR2D3353 220V 50HZ | AMPOULE NEON CULOTT BASS 220V DIAM,22,2";;"1 | 1 | 1 | 1 | 1 | 1 | 1 | 1 | 1";"PCE | PCE | PCE | PCE | PCE | PCE | PCE | PCE | PCE";"2015-02-24 | 2025-07-23 | 2025-07-23 | 2025-07-23 | 2025-07-23 | 2025-07-23 | 2025-07-23 | 2025-07-23 | 2025-07-23";2015-02-24;2025-07-23
45;"MATERIEL NIVEAU HAUT CAISSE DE DECANT FO";LSH890286;9;275,1723,1722,1721,1720,1719,1718,1717,1716;"SAP | SAP_VALIDE | SAP_VALIDE | SAP_VALIDE | SAP_VALIDE | SAP_VALIDE | SAP_VALIDE | SAP_VALIDE | SAP_VALIDE";;"CONTACT INVERSEUR ETANCHE AVEC SUPPORT T | SECTIONNEUR GK1-EX 50A+CDE+PORTE 2/24+AC | CONTACTEUR TRIPOLAIRE BOBINE 220VCA 40A | RELAIS THERMIQUE REF,LC1D1210M5 POSTE:30 | FUSIBLE REF,DF 3EA40 POSTE 59 40A TYPE A | CARTOUCHE,FUSIBLE+PERCUTEUR 10X38 G1 | CONTACT ""0"" REF,ZB2-BE102 POUR UNITE DE | RELAIS,INSTANTANE REF.LR2D3353 220V 50HZ | AMPOULE NEON CULOTT BASS 220V DIAM,22,2";;"1 | 1 | 1 | 1 | 1 | 1 | 1 | 1 | 1";"PCE | PCE | PCE | PCE | PCE | PCE | PCE | PCE | PCE";"2015-02-24 | 2025-07-23 | 2025-07-23 | 2025-07-23 | 2025-07-23 | 2025-07-23 | 2025-07-23 | 2025-07-23 | 2025-07-23";2015-02-24;2025-07-23
46;"MATERIEL NIVEAU HAUT CAISSE DE DO";LSH8902711;9;273,1739,1738,1737,1736,1735,1734,1733,1732;"SAP | SAP_VALIDE | SAP_VALIDE | SAP_VALIDE | SAP_VALIDE | SAP_VALIDE | SAP_VALIDE | SAP_VALIDE | SAP_VALIDE";;"CONTACT INVERSEUR ETANCHE AVEC SUPPORT T | SECTIONNEUR GK1-EX 50A+CDE+PORTE 2/24+AC | CONTACTEUR TRIPOLAIRE 12A 1F 220V 50HZ R | RELAIS THERMIQUE REF,LR2D3357 P/TABLEAUX | FUSIBLE REF,DF 3EA12 POSTE 55 TYPE:AM AV | CARTOUCHE,FUSIBLE+PERCUTEUR 10X38 G1 | CONTACT ""0"" REF,ZB2-BE102 POUR UNITE DE | RELAIS,INSTANTANE REF.LR2D3353 220V 50HZ | AMPOULE NEON CULOTT BASS 220V DIAM,22,2";;"1 | 1 | 1 | 1 | 1 | 1 | 1 | 1 | 1";"PCE | PCE | PCE | PCE | PCE | PCE | PCE | PCE | PCE";"2015-02-24 | 2025-07-23 | 2025-07-23 | 2025-07-23 | 2025-07-23 | 2025-07-23 | 2025-07-23 | 2025-07-23 | 2025-07-23";2015-02-24;2025-07-23
47;"MATERIEL NIVEAU HAUT CAISSE DE DO";LSH890276;9;274,1731,1730,1729,1728,1727,1726,1725,1724;"SAP | SAP_VALIDE | SAP_VALIDE | SAP_VALIDE | SAP_VALIDE | SAP_VALIDE | SAP_VALIDE | SAP_VALIDE | SAP_VALIDE";;"CONTACT INVERSEUR ETANCHE AVEC SUPPORT T | SECTIONNEUR GK1-EX 50A+CDE+PORTE 2/24+AC | CONTACTEUR TRIPOLAIRE BOBINE 220VCA 40A | RELAIS THERMIQUE REF,LC1D1210M5 POSTE:30 | FUSIBLE REF,DF 3EA40 POSTE 59 40A TYPE A | CARTOUCHE,FUSIBLE+PERCUTEUR 10X38 G1 | CONTACT ""0"" REF,ZB2-BE102 POUR UNITE DE | RELAIS,INSTANTANE REF.LR2D3353 220V 50HZ | AMPOULE NEON CULOTT BASS 220V DIAM,22,2";;"1 | 1 | 1 | 1 | 1 | 1 | 1 | 1 | 1";"PCE | PCE | PCE | PCE | PCE | PCE | PCE | PCE | PCE";"2015-02-24 | 2025-07-23 | 2025-07-23 | 2025-07-23 | 2025-07-23 | 2025-07-23 | 2025-07-23 | 2025-07-23 | 2025-07-23";2015-02-24;2025-07-23
48;"MATERIEL NIVEAU HAUT CAISSE JOUR F.O";LSH893281;9;282,1666,1665,1664,1663,1662,1661,1660,1659;"SAP | SAP_VALIDE | SAP_VALIDE | SAP_VALIDE | SAP_VALIDE | SAP_VALIDE | SAP_VALIDE | SAP_VALIDE | SAP_VALIDE";;"CONTACT INVERSEUR ETANCHE AVEC SUPPORT T | SECTIONNEUR GK1-EX 50A+CDE+PORTE 2/24+AC | CONTACTEUR TRIPOLAIRE BOBINE 220VCA 40A | RELAIS THERMIQUE REF,LC1D1210M5 POSTE:30 | FUSIBLE REF,DF 3EA40 POSTE 59 40A TYPE A | CARTOUCHE,FUSIBLE+PERCUTEUR 10X38 G1 | CONTACT ""0"" REF,ZB2-BE102 POUR UNITE DE | RELAIS,INSTANTANE REF.LR2D3353 220V 50HZ | AMPOULE NEON CULOTT BASS 220V DIAM,22,2";;"1 | 1 | 1 | 1 | 1 | 1 | 1 | 1 | 1";"PCE | PCE | PCE | PCE | PCE | PCE | PCE | PCE | PCE";"2015-02-24 | 2025-07-23 | 2025-07-23 | 2025-07-23 | 2025-07-23 | 2025-07-23 | 2025-07-23 | 2025-07-23 | 2025-07-23";2015-02-24;2025-07-23
49;"MATERIEL NIVEAU HAUT CAISSE JOUR F.O";LSH894281;9;284,1650,1649,1648,1647,1646,1645,1644,1643;"SAP | SAP_VALIDE | SAP_VALIDE | SAP_VALIDE | SAP_VALIDE | SAP_VALIDE | SAP_VALIDE | SAP_VALIDE | SAP_VALIDE";;"CONTACT INVERSEUR ETANCHE AVEC SUPPORT T | SECTIONNEUR GK1-EX 50A+CDE+PORTE 2/24+AC | CONTACTEUR TRIPOLAIRE BOBINE 220VCA 40A | RELAIS THERMIQUE REF,LC1D1210M5 POSTE:30 | FUSIBLE REF,DF 3EA40 POSTE 59 40A TYPE A | CARTOUCHE,FUSIBLE+PERCUTEUR 10X38 G1 | CONTACT ""0"" REF,ZB2-BE102 POUR UNITE DE | RELAIS,INSTANTANE REF.LR2D3353 220V 50HZ | AMPOULE NEON CULOTT BASS 220V DIAM,22,2";;"1 | 1 | 1 | 1 | 1 | 1 | 1 | 1 | 1";"PCE | PCE | PCE | PCE | PCE | PCE | PCE | PCE | PCE";"2015-02-24 | 2025-07-23 | 2025-07-23 | 2025-07-23 | 2025-07-23 | 2025-07-23 | 2025-07-23 | 2025-07-23 | 2025-07-23";2015-02-24;2025-07-23
50;"MATERIEL NIVEAU HAUT SUR CAISSE JOUR F.O";LSH891281;9;278,1699,1698,1697,1696,1695,1694,1693,1692;"SAP | SAP_VALIDE | SAP_VALIDE | SAP_VALIDE | SAP_VALIDE | SAP_VALIDE | SAP_VALIDE | SAP_VALIDE | SAP_VALIDE";;"CONTACT INVERSEUR ETANCHE AVEC SUPPORT T | SECTIONNEUR GK1-EX 50A+CDE+PORTE 2/24+AC | CONTACTEUR TRIPOLAIRE 12A 1F 220V 50HZ R | RELAIS THERMIQUE POSTE 23 2,5/4A REF,LC1 | FUSIBLE REF,DF 3EA06 POSTE 53 6A TYPE AM | CARTOUCHE,FUSIBLE+PERCUTEUR 10X38 G1 | CONTACT ""0"" REF,ZB2-BE102 POUR UNITE DE | RELAIS,INSTANTANE REF.LR2D3353 220V 50HZ | AMPOULE NEON CULOTT BASS 220V DIAM,22,2";;"1 | 1 | 1 | 1 | 1 | 1 | 1 | 1 | 1";"PCE | PCE | PCE | PCE | PCE | PCE | PCE | PCE | PCE";"2015-02-24 | 2025-07-23 | 2025-07-23 | 2025-07-23 | 2025-07-23 | 2025-07-23 | 2025-07-23 | 2025-07-23 | 2025-07-23";2015-02-24;2025-07-23
51;"MATERIEL NIVEAU SUR CAISSE JOUR F.O";LSH892281;9;280,1682,1681,1680,1679,1678,1677,1676,1675;"SAP | SAP_VALIDE | SAP_VALIDE | SAP_VALIDE | SAP_VALIDE | SAP_VALIDE | SAP_VALIDE | SAP_VALIDE | SAP_VALIDE";;"CONTACT INVERSEUR ETANCHE AVEC SUPPORT T | SECTIONNEUR GK1-EX 50A+CDE+PORTE 2/24+AC | CONTACTEUR TRIPOLAIRE BOBINE 220VCA 40A | RELAIS THERMIQUE REFERENCE RHN411M POSTE | CARTOUCHE,FUSIBLE+PERCUTEUR DF3EA25 | CARTOUCHE,FUSIBLE+PERCUTEUR 10X38 G1 | CONTACT ""0"" REF,ZB2-BE102 POUR UNITE DE | RELAIS,INSTANTANE REF.LR2D3353 220V 50HZ | AMPOULE NEON CULOTT BASS 220V DIAM,22,2";;"1 | 1 | 1 | 1 | 1 | 1 | 1 | 1 | 1";"PCE | PCE | PCE | PCE | PCE | PCE | PCE | PCE | PCE";"2015-02-24 | 2025-07-23 | 2025-07-23 | 2025-07-23 | 2025-07-23 | 2025-07-23 | 2025-07-23 | 2025-07-23 | 2025-07-23";2015-02-24;2025-07-23
52;"MATERIEL SART NIV BAS CAISSE DECANT F.O";LSL890288;9;290,1598,1597,1596,1595,1594,1593,1592,1591;"SAP | SAP_VALIDE | SAP_VALIDE | SAP_VALIDE | SAP_VALIDE | SAP_VALIDE | SAP_VALIDE | SAP_VALIDE | SAP_VALIDE";;"CONTACT INVERSEUR ETANCHE AVEC SUPPORT T | SECTIONNEUR GK1-EX 50A+CDE+PORTE 2/24+AC | CONTACTEUR TRIPOLAIRE 12A 1F 220V 50HZ R | RELAIS THERMIQUE POSTE 23 2,5/4A REF,LC1 | FUSIBLE REF,DF 3EA04 POSTE 5 4A AM AVEC | CARTOUCHE,FUSIBLE+PERCUTEUR 10X38 G1 | CONTACT ""0"" REF,ZB2-BE102 POUR UNITE DE | RELAIS,INSTANTANE REF.LR2D3353 220V 50HZ | AMPOULE NEON CULOTT BASS 220V DIAM,22,2";;"1 | 1 | 1 | 1 | 1 | 1 | 1 | 1 | 1";"PCE | PCE | PCE | PCE | PCE | PCE | PCE | PCE | PCE";"2015-02-24 | 2025-07-23 | 2025-07-23 | 2025-07-23 | 2025-07-23 | 2025-07-23 | 2025-07-23 | 2025-07-23 | 2025-07-23";2015-02-24;2025-07-23
53;"MATERIEL SART NIV BAS CAISSE JOURN DE FO";LSL892282;9;293,1574,1573,1572,1571,1570,1569,1568,1567;"SAP | SAP_VALIDE | SAP_VALIDE | SAP_VALIDE | SAP_VALIDE | SAP_VALIDE | SAP_VALIDE | SAP_VALIDE | SAP_VALIDE";;"CONTACT INVERSEUR ETANCHE AVEC SUPPORT T | SECTIONNEUR GK1-EX 50A+CDE+PORTE 2/24+AC | CONTACTEUR TRIPOLAIRE BOBINE 220VCA 40A | RELAIS THERMIQUE REF,LC1D1210M5 POSTE:30 | FUSIBLE REF,DF 3EA40 POSTE 59 40A TYPE A | CARTOUCHE,FUSIBLE+PERCUTEUR 10X38 G1 | CONTACT ""0"" REF,ZB2-BE102 POUR UNITE DE | RELAIS,INSTANTANE REF.LR2D3353 220V 50HZ | AMPOULE NEON CULOTT BASS 220V DIAM,22,2";;"1 | 1 | 1 | 1 | 1 | 1 | 1 | 1 | 1";"PCE | PCE | PCE | PCE | PCE | PCE | PCE | PCE | PCE";"2015-02-24 | 2025-07-23 | 2025-07-23 | 2025-07-23 | 2025-07-23 | 2025-07-23 | 2025-07-23 | 2025-07-23 | 2025-07-23";2015-02-24;2025-07-23
54;"MATERIEL SART NIV BAS CAISSE JOURN DE FO";LSL893282;9;294,1566,1565,1564,1563,1562,1561,1560,1559;"SAP | SAP_VALIDE | SAP_VALIDE | SAP_VALIDE | SAP_VALIDE | SAP_VALIDE | SAP_VALIDE | SAP_VALIDE | SAP_VALIDE";;"CONTACT INVERSEUR ETANCHE AVEC SUPPORT T | SECTIONNEUR GK1-EX 50A+CDE+PORTE 2/24+AC | CONTACTEUR,TRIPOLAIR 25A 1F220V LR2D3355 | RELAIS THERMIQUE REF,LR2D3363 POSTE:28 1 | FUSIBLE REF,DF 3EA20 POSTE 57 20A TYPE A | CARTOUCHE,FUSIBLE+PERCUTEUR 10X38 G1 | CONTACT ""0"" REF,ZB2-BE102 POUR UNITE DE | RELAIS,INSTANTANE REF.LR2D3353 220V 50HZ | AMPOULE NEON CULOTT BASS 220V DIAM,22,2";;"1 | 1 | 1 | 1 | 1 | 1 | 1 | 1 | 1";"PCE | PCE | PCE | PCE | PCE | PCE | PCE | PCE | PCE";"2015-02-24 | 2025-07-23 | 2025-07-23 | 2025-07-23 | 2025-07-23 | 2025-07-23 | 2025-07-23 | 2025-07-23 | 2025-07-23";2015-02-24;2025-07-23
55;"MATERIEL SART NIVEAU BAS CAIDDE DU D.O";LSL890278;9;289,1609,1605,1604,1603,1602,1601,1600,1599;"SAP | SAP_VALIDE | SAP_VALIDE | SAP_VALIDE | SAP_VALIDE | SAP_VALIDE | SAP_VALIDE | SAP_VALIDE | SAP_VALIDE";;"CONTACT INVERSEUR ETANCHE AVEC SUPPORT T | CONTACT ""0"" REF,ZB2-BE102 POUR UNITE DE | SECTIONNEUR TRIPOLAIRE AVEC SYS- TEME CO | CONTACTEUR TRIPOLAIRE 65A 10+1F 220V 50H | FUSIBLE CARTOUCHE R3A AM A PERCUTEUR TAI | RELAIS THERMIQUE REF,LR2D1314 POSTE:32 3 | CARTOUCHE,FUSIBLE+PERCUTEUR 10X38 G1 | AMPOULE NEON CULOTT BASS 220V DIAM,22,2 | RELAIS,INSTANTANE REF.LR2D3353 220V 50HZ";;"1 | 1 | 1 | 1 | 1 | 1 | 1 | 1 | 1";"PCE | PCE | PCE | PCE | PCE | PCE | PCE | PCE | PCE";"2015-02-24 | 2025-07-23 | 2025-07-23 | 2025-07-23 | 2025-07-23 | 2025-07-23 | 2025-07-23 | 2025-07-23 | 2025-07-23";2015-02-24;2025-07-23
56;"NIV CAISS HUILE GRAISS CYLINDRE BRIDE";LI891251;9;224,2132,2131,2130,2129,2128,2127,2126,2125;"SAP | SAP_VALIDE | SAP_VALIDE | SAP_VALIDE | SAP_VALIDE | SAP_VALIDE | SAP_VALIDE | SAP_VALIDE | SAP_VALIDE";;"TUBE PLEXI LONGEUR 740 MM POUR ENTR'AXE | SECTIONNEUR GK1-EX 50A+CDE+PORTE 2/24+AC | CONTACTEUR TRIPOLAIRE 12A 1F 220V 50HZ R | RELAIS THERMIQUE REF,LC1D8011M5 POSTE 20 | CARTOUCHE,FUSIBLE+PERCUTEUR DF3EA02 | CARTOUCHE,FUSIBLE+PERCUTEUR 10X38 G1 | CONTACT ""0"" REF,ZB2-BE102 POUR UNITE DE | RELAIS,INSTANTANE REF.LR2D3353 220V 50HZ | AMPOULE NEON CULOTT BASS 220V DIAM,22,2";;"1 | 1 | 1 | 1 | 1 | 1 | 1 | 1 | 1";"PCE | PCE | PCE | PCE | PCE | PCE | PCE | PCE | PCE";"2015-02-24 | 2025-07-23 | 2025-07-23 | 2025-07-23 | 2025-07-23 | 2025-07-23 | 2025-07-23 | 2025-07-23 | 2025-07-23";2015-02-24;2025-07-23
57;"NIV CAISSE EAU MANOEUVR SEPARHUILE0-19V3";LI890191;9;210,2228,2227,2226,2225,2224,2223,2222,2221;"SAP | SAP_VALIDE | SAP_VALIDE | SAP_VALIDE | SAP_VALIDE | SAP_VALIDE | SAP_VALIDE | SAP_VALIDE | SAP_VALIDE";;"TUBE DE NIVEAU ET SYSTEME DE REGULATION | SECTIONNEUR GK1 FW 22X58 3P+2F+1 DPMM+CD | CONTACTEUR TRIPOLAIRE 65A 10+1F 220V 50H | RELAIS THERMIQUE REF,LC1D2510M5 POSTE:31 | FUSIBLE CARTOUCHE R3A AM A PERCUTEUR TAI | CARTOUCHE,FUSIBLE+PERCUTEUR 10X38 G1 | CONTACT ""0"" REF,ZB2-BE102 POUR UNITE DE | RELAIS,INSTANTANE REF.LR2D3353 220V 50HZ | AMPOULE NEON CULOTT BASS 220V DIAM,22,2";;"1 | 1 | 1 | 1 | 1 | 1 | 1 | 1 | 1";"PCE | PCE | PCE | PCE | PCE | PCE | PCE | PCE | PCE";"2015-02-24 | 2025-07-23 | 2025-07-23 | 2025-07-23 | 2025-07-23 | 2025-07-23 | 2025-07-23 | 2025-07-23 | 2025-07-23";2015-02-24;2025-07-23
58;"NIVEAU CAISS D.O.0-27V1B BRIDE DN20 PN16";LI890271;9;214,2211,2210,2209,2208,2207,2206,2205,2204;"SAP | SAP_VALIDE | SAP_VALIDE | SAP_VALIDE | SAP_VALIDE | SAP_VALIDE | SAP_VALIDE | SAP_VALIDE | SAP_VALIDE";;"TUBE PLEXI LONGUEUR 1440MM POUR ENTRAXE | SECTIONNEUR GK1-EX 50A+CDE+PORTE 2/24+AC | CONTACTEUR TRIPOLAIRE 12A 1F 220V 50HZ R | RELAIS THERMIQUE POSTE 23 2,5/4A REF,LC1 | FUSIBLE REF,DF 3EA06 POSTE 53 6A TYPE AM | CARTOUCHE,FUSIBLE+PERCUTEUR 10X38 G1 | CONTACT ""0"" REF,ZB2-BE102 POUR UNITE DE | RELAIS,INSTANTANE REF.LR2D3353 220V 50HZ | AMPOULE NEON CULOTT BASS 220V DIAM,22,2";;"1 | 1 | 1 | 1 | 1 | 1 | 1 | 1 | 1";"PCE | PCE | PCE | PCE | PCE | PCE | PCE | PCE | PCE";"2015-02-24 | 2025-07-23 | 2025-07-23 | 2025-07-23 | 2025-07-23 | 2025-07-23 | 2025-07-23 | 2025-07-23 | 2025-07-23";2015-02-24;2025-07-23
59;"NIVEAU CAISSE EAU CYLINDRES BRIDES";LIAL891211;9;244,1967,1966,1965,1964,1963,1962,1961,1960;"SAP | SAP_VALIDE | SAP_VALIDE | SAP_VALIDE | SAP_VALIDE | SAP_VALIDE | SAP_VALIDE | SAP_VALIDE | SAP_VALIDE";;"TUBE PLEXI LONGUEUR 1040 MM POUR ENTR'AX | SECTIONNEUR GK1-EX 50A+CDE+PORTE 2/24+AC | CONTACTEUR,TRIPOLAIR 25A 1F220V LR2D3355 | RELAIS THERMIQUE REF,LR2D3363 POSTE:28 1 | FUSIBLE REF,DF 3EA20 POSTE 57 20A TYPE A | CARTOUCHE,FUSIBLE+PERCUTEUR 10X38 G1 | CONTACT ""0"" REF,ZB2-BE102 POUR UNITE DE | RELAIS,INSTANTANE REF.LR2D3353 220V 50HZ | AMPOULE NEON CULOTT BASS 220V DIAM,22,2";;"1 | 1 | 1 | 1 | 1 | 1 | 1 | 1 | 1";"PCE | PCE | PCE | PCE | PCE | PCE | PCE | PCE | PCE";"2015-02-24 | 2025-07-23 | 2025-07-23 | 2025-07-23 | 2025-07-23 | 2025-07-23 | 2025-07-23 | 2025-07-23 | 2025-07-23";2015-02-24;2025-07-23
60;"NIVEAU CAISSE MELANGE DO/FO 1-26V1 BRIDE";LI891261;9;225,2124,2123,2122,2121,2120,2119,2118,2117;"SAP | SAP_VALIDE | SAP_VALIDE | SAP_VALIDE | SAP_VALIDE | SAP_VALIDE | SAP_VALIDE | SAP_VALIDE | SAP_VALIDE";;"TUBE PLEXI LONGEUR 1140 MM POUR ENTR'AXE | SECTIONNEUR GK1-EX 50A+CDE+PORTE 2/24+AC | CONTACTEUR TRIPOLAIRE BOBINE 220VCA 40A | RELAIS THERMIQUE REFERENCE RHN411M POSTE | CARTOUCHE,FUSIBLE+PERCUTEUR DF3EA25 | CARTOUCHE,FUSIBLE+PERCUTEUR 10X38 G1 | CONTACT ""0"" REF,ZB2-BE102 POUR UNITE DE | RELAIS,INSTANTANE REF.LR2D3353 220V 50HZ | AMPOULE NEON CULOTT BASS 220V DIAM,22,2";;"1 | 1 | 1 | 1 | 1 | 1 | 1 | 1 | 1";"PCE | PCE | PCE | PCE | PCE | PCE | PCE | PCE | PCE";"2015-02-24 | 2025-07-23 | 2025-07-23 | 2025-07-23 | 2025-07-23 | 2025-07-23 | 2025-07-23 | 2025-07-23 | 2025-07-23";2015-02-24;2025-07-23
61;"NIVEAU CAISSE MELANGE DO/FO 2-26V1 BRIDE";LI892261;9;230,2084,2083,2082,2081,2080,2079,2078,2077;"SAP | SAP_VALIDE | SAP_VALIDE | SAP_VALIDE | SAP_VALIDE | SAP_VALIDE | SAP_VALIDE | SAP_VALIDE | SAP_VALIDE";;"TUBE PLEXI LONGEUR 1140 MM POUR ENTR'AXE | SECTIONNEUR GK1 FW 22X58 3P+2F+1 DPMM+CD | CONTACTEUR TRIPOLAIRE 65A 10+1F 220V 50H | RELAIS THERMIQUE REF,LR2D1314 POSTE:32 3 | FUSIBLE CARTOUCHE R3A AM A PERCUTEUR TAI | CARTOUCHE,FUSIBLE+PERCUTEUR 10X38 G1 | CONTACT ""0"" REF,ZB2-BE102 POUR UNITE DE | AMPOULE NEON CULOTT BASS 220V DIAM,22,2 | RELAIS,INSTANTANE REF.LR2D3353 220V 50HZ";;"1 | 1 | 1 | 1 | 1 | 1 | 1 | 1 | 1";"PCE | PCE | PCE | PCE | PCE | PCE | PCE | PCE | PCE";"2015-02-24 | 2025-07-23 | 2025-07-23 | 2025-07-23 | 2025-07-23 | 2025-07-23 | 2025-07-23 | 2025-07-23 | 2025-07-23";2015-02-24;2025-07-23
62;"NIVEAU CAISSE MELANGE DO/FO 3-26V1 BRIDE";LI893261;9;235,2044,2043,2042,2041,2040,2039,2038,2037;"SAP | SAP_VALIDE | SAP_VALIDE | SAP_VALIDE | SAP_VALIDE | SAP_VALIDE | SAP_VALIDE | SAP_VALIDE | SAP_VALIDE";;"TUBE PLEXI LONGEUR 1140 MM POUR ENTR'AXE | SECTIONNEUR GK1-EX 50A+CDE+PORTE 2/24+AC | CONTACTEUR TRIPOLAIRE 12A 1F 220V 50HZ R | RELAIS THERMIQUE REFERENCE LC1D6511M5  P | FUSIBLE REF,DF 3EA12 POSTE 55 TYPE:AM AV | CARTOUCHE,FUSIBLE+PERCUTEUR 10X38 G1 | CONTACT ""0"" REF,ZB2-BE102 POUR UNITE DE | RELAIS,INSTANTANE REF.LR2D3353 220V 50HZ | AMPOULE NEON CULOTT BASS 220V DIAM,22,2";;"1 | 1 | 1 | 1 | 1 | 1 | 1 | 1 | 1";"PCE | PCE | PCE | PCE | PCE | PCE | PCE | PCE | PCE";"2015-02-24 | 2025-07-23 | 2025-07-23 | 2025-07-23 | 2025-07-23 | 2025-07-23 | 2025-07-23 | 2025-07-23 | 2025-07-23";2015-02-24;2025-07-23
63;"NIVEAU CAISSE RECUP HUILE MOT BRIDES";LIAL893231;9;253,1924,1923,1922,1921,1920,1919,1918,1917;"SAP | SAP_VALIDE | SAP_VALIDE | SAP_VALIDE | SAP_VALIDE | SAP_VALIDE | SAP_VALIDE | SAP_VALIDE | SAP_VALIDE";;"TUBE PLEXI LONGUEUR 1340MM POUR ENTRAXE | SECTIONNEUR GK1-EX 50A+CDE+PORTE 2/24+AC | CONTACTEUR TRIPOLAIRE 12A 1F 220V 50HZ R | RELAIS THERMIQUE REF,LC1D1810M5 POSTE:24 | FUSIBLE REF,DF 3EA04 POSTE 5 4A AM AVEC | CARTOUCHE,FUSIBLE+PERCUTEUR 10X38 G1 | CONTACT ""0"" REF,ZB2-BE102 POUR UNITE DE | RELAIS,INSTANTANE REF.LR2D3353 220V 50HZ | AMPOULE NEON CULOTT BASS 220V DIAM,22,2";;"1 | 1 | 1 | 1 | 1 | 1 | 1 | 1 | 1";"PCE | PCE | PCE | PCE | PCE | PCE | PCE | PCE | PCE";"2015-02-24 | 2025-07-23 | 2025-07-23 | 2025-07-23 | 2025-07-23 | 2025-07-23 | 2025-07-23 | 2025-07-23 | 2025-07-23";2015-02-24;2025-07-23
64;"NIVEAU D'HUILE GRAISS CYLINDRE BRIDE N16";LI894251;9;239,2012,2011,2010,2009,2008,2007,2006,2005;"SAP | SAP_VALIDE | SAP_VALIDE | SAP_VALIDE | SAP_VALIDE | SAP_VALIDE | SAP_VALIDE | SAP_VALIDE | SAP_VALIDE";;"TUBE PLEXI LONGEUR 740 MM POUR ENTR'AXE | SECTIONNEUR GK1-EX 50A+CDE+PORTE 2/24+AC | CONTACTEUR TRIPOLAIRE 12A 1F 220V 50HZ R | RELAIS THERMIQUE POSTE 23 2,5/4A REF,LC1 | FUSIBLE REF,DF 3EA06 POSTE 53 6A TYPE AM | CARTOUCHE,FUSIBLE+PERCUTEUR 10X38 G1 | CONTACT ""0"" REF,ZB2-BE102 POUR UNITE DE | RELAIS,INSTANTANE REF.LR2D3353 220V 50HZ | AMPOULE NEON CULOTT BASS 220V DIAM,22,2";;"1 | 1 | 1 | 1 | 1 | 1 | 1 | 1 | 1";"PCE | PCE | PCE | PCE | PCE | PCE | PCE | PCE | PCE";"2015-02-24 | 2025-07-23 | 2025-07-23 | 2025-07-23 | 2025-07-23 | 2025-07-23 | 2025-07-23 | 2025-07-23 | 2025-07-23";2015-02-24;2025-07-23
65;"NIVEAU SUR 1-28-V2 CAISSE JOUR F.O BRIDE";LI891282;9;227,2108,2107,2106,2105,2104,2103,2102,2101;"SAP | SAP_VALIDE | SAP_VALIDE | SAP_VALIDE | SAP_VALIDE | SAP_VALIDE | SAP_VALIDE | SAP_VALIDE | SAP_VALIDE";;"TUBE PLEXI LONGUEUR 1440MM POUR ENTRAXE | SECTIONNEUR GK1-EX 50A+CDE+PORTE 2/24+AC | CONTACTEUR TRIPOLAIRE 12A 1F 220V 50HZ R | RELAIS THERMIQUE REF,LC1D1810M5 POSTE:24 | CARTOUCHE,FUSIBLE+PERCUTEUR DF 3EA08 | CARTOUCHE,FUSIBLE+PERCUTEUR 10X38 G1 | CONTACT ""0"" REF,ZB2-BE102 POUR UNITE DE | RELAIS,INSTANTANE REF.LR2D3353 220V 50HZ | AMPOULE NEON CULOTT BASS 220V DIAM,22,2";;"1 | 1 | 1 | 1 | 1 | 1 | 1 | 1 | 1";"PCE | PCE | PCE | PCE | PCE | PCE | PCE | PCE | PCE";"2015-02-24 | 2025-07-23 | 2025-07-23 | 2025-07-23 | 2025-07-23 | 2025-07-23 | 2025-07-23 | 2025-07-23 | 2025-07-23";2015-02-24;2025-07-23
66;"NIVEAU SUR 2-28V2 CAISSE JOUR F.O BRIDES";LI892282;9;232,2068,2067,2066,2065,2064,2063,2062,2061;"SAP | SAP_VALIDE | SAP_VALIDE | SAP_VALIDE | SAP_VALIDE | SAP_VALIDE | SAP_VALIDE | SAP_VALIDE | SAP_VALIDE";;"TUBE PLEXI LONGUEUR 1440MM POUR ENTRAXE | SECTIONNEUR GK1 FW 22X58 3P+2F+1 DPMM+CD | CONTACTEUR TRIPOLAIRE 65A 10+1F 220V 50H | RELAIS THERMIQUE REF,LR2D1314 POSTE:32 3 | FUSIBLE CARTOUCHE R3A AM A PERCUTEUR TAI | CARTOUCHE,FUSIBLE+PERCUTEUR 10X38 G1 | CONTACT ""0"" REF,ZB2-BE102 POUR UNITE DE | RELAIS,INSTANTANE REF.LR2D3353 220V 50HZ | AMPOULE NEON CULOTT BASS 220V DIAM,22,2";;"1 | 1 | 1 | 1 | 1 | 1 | 1 | 1 | 1";"PCE | PCE | PCE | PCE | PCE | PCE | PCE | PCE | PCE";"2015-02-24 | 2025-07-23 | 2025-07-23 | 2025-07-23 | 2025-07-23 | 2025-07-23 | 2025-07-23 | 2025-07-23 | 2025-07-23";2015-02-24;2025-07-23
67;"NIVEAU SUR 3-28V2 CAISSE JOUR F.O BRIDES";LI893282;9;237,2028,2027,2026,2025,2024,2023,2022,2021;"SAP | SAP_VALIDE | SAP_VALIDE | SAP_VALIDE | SAP_VALIDE | SAP_VALIDE | SAP_VALIDE | SAP_VALIDE | SAP_VALIDE";;"TUBE PLEXI LONGUEUR 1440MM POUR ENTRAXE | SECTIONNEUR GK1-EX 50A+CDE+PORTE 2/24+AC | CONTACTEUR TRIPOLAIRE 12A 1F 220V 50HZ R | RELAIS THERMIQUE REFERENCE LR1D0 9307 PO | FUSIBLE REF,DF 3EA04 POSTE 5 4A AM AVEC | CARTOUCHE,FUSIBLE+PERCUTEUR 10X38 G1 | CONTACT ""0"" REF,ZB2-BE102 POUR UNITE DE | AMPOULE NEON CULOTT BASS 220V DIAM,22,2 | RELAIS,INSTANTANE REF.LR2D3353 220V 50HZ";;"1 | 1 | 1 | 1 | 1 | 1 | 1 | 1 | 1";"PCE | PCE | PCE | PCE | PCE | PCE | PCE | PCE | PCE";"2015-02-24 | 2025-07-23 | 2025-07-23 | 2025-07-23 | 2025-07-23 | 2025-07-23 | 2025-07-23 | 2025-07-23 | 2025-07-23";2015-02-24;2025-07-23
68;"PRESSOSTAT DE BAS NIVEAU D'EAUB8301A";LSL8301A;9;286,1630,1629,1628,1627,1626,1625,1624,1623;"SAP | SAP_VALIDE | SAP_VALIDE | SAP_VALIDE | SAP_VALIDE | SAP_VALIDE | SAP_VALIDE | SAP_VALIDE | SAP_VALIDE";;"EQUIPAGE MOBILE COMPLET : -1 FLOTTEUR;1 | SECTIONNEUR TRIPOLAIRE AVEC SYSTEME CONT | CONTACTEUR,80A 10+1F 220V 50HZ LR2D1305 | 4030321318 P/TABLEAUX ELECTRIQUES B,T, | FUSIBLE REF,DF 3FA80 POSTE 62 80A TYPE A | CARTOUCHE,FUSIBLE+PERCUTEUR 10X38 G1 | CONTACT ""0"" REF,ZB2-BE102 POUR UNITE DE | RELAIS,INSTANTANE REF.LR2D3353 220V 50HZ | AMPOULE NEON CULOTT BASS 220V DIAM,22,2";;"1 | 1 | 1 | 1 | 1 | 1 | 1 | 1 | 1";"PCE | PCE | PCE | PCE | PCE | PCE | PCE | PCE | PCE";"2015-02-24 | 2025-07-23 | 2025-07-23 | 2025-07-23 | 2025-07-23 | 2025-07-23 | 2025-07-23 | 2025-07-23 | 2025-07-23";2015-02-24;2025-07-23
69;"PRESSOSTAT DE BAS NIVEAU D'EAUB8301B";LSL8301B;9;287,1622,1621,1620,1619,1618,1617,1616,1615;"SAP | SAP_VALIDE | SAP_VALIDE | SAP_VALIDE | SAP_VALIDE | SAP_VALIDE | SAP_VALIDE | SAP_VALIDE | SAP_VALIDE";;"EQUIPAGE MOBILE COMPLET : -1 FLOTTEUR;1 | SECTIONNEUR GK1-EX 50A+CDE+PORTE 2/24+AC | CONTACTEUR TRIPOLAIRE 12A 1F 220V 50HZ R | RELAIS THERMIQUE POSTE 23 2,5/4A REF,LC1 | FUSIBLE REF,DF 3EA06 POSTE 53 6A TYPE AM | CARTOUCHE,FUSIBLE+PERCUTEUR 10X38 G1 | CONTACT ""0"" REF,ZB2-BE102 POUR UNITE DE | RELAIS,INSTANTANE REF.LR2D3353 220V 50HZ | AMPOULE NEON CULOTT BASS 220V DIAM,22,2";;"1 | 1 | 1 | 1 | 1 | 1 | 1 | 1 | 1";"PCE | PCE | PCE | PCE | PCE | PCE | PCE | PCE | PCE";"2015-02-24 | 2025-07-23 | 2025-07-23 | 2025-07-23 | 2025-07-23 | 2025-07-23 | 2025-07-23 | 2025-07-23 | 2025-07-23";2015-02-24;2025-07-23
70;"PURGEUR FLEXOTHERM MK 25/2 DN 15/25";LTG-F01;9;299,1532,1531,1530,1529,1528,1527,1526,1525;"SAP | SAP_VALIDE | SAP_VALIDE | SAP_VALIDE | SAP_VALIDE | SAP_VALIDE | SAP_VALIDE | SAP_VALIDE | SAP_VALIDE";;"MEMBRANE N REF,98292  P/PURGEUR FLEXOTHE | SECTIONNEUR GK1 FW 22X58 3P+2F+1 DPMM+CD | CONTACTEUR TRIPOLAIRE 65A 10+1F 220V 50H | RELAIS THERMIQUE REF,LR2D1314 POSTE:32 3 | FUSIBLE CARTOUCHE R3A AM A PERCUTEUR TAI | CARTOUCHE,FUSIBLE+PERCUTEUR 10X38 G1 | CONTACT ""0"" REF,ZB2-BE102 POUR UNITE DE | RELAIS,INSTANTANE REF.LR2D3353 220V 50HZ | AMPOULE NEON CULOTT BASS 220V DIAM,22,2";;"1 | 1 | 1 | 1 | 1 | 1 | 1 | 1 | 1";"PCE | PCE | PCE | PCE | PCE | PCE | PCE | PCE | PCE";"2015-02-24 | 2025-07-23 | 2025-07-23 | 2025-07-23 | 2025-07-23 | 2025-07-23 | 2025-07-23 | 2025-07-23 | 2025-07-23";2015-02-24;2025-07-23
71;"PURGEUR FT 20-14 DIAMETRE:15";LTG-F03;9;301,1516,1515,1514,1513,1512,1511,1510,1509;"SAP | SAP_VALIDE | SAP_VALIDE | SAP_VALIDE | SAP_VALIDE | SAP_VALIDE | SAP_VALIDE | SAP_VALIDE | SAP_VALIDE";;"ENSEMBLE PURGEUR D'AIR DN 25 REF,251680 | SECTIONNEUR GK1-EX 50A+CDE+PORTE 2/24+AC | CONTACTEUR TRIPOLAIRE 12A 1F 220V 50HZ R | RELAIS THERMIQUE POSTE 23 2,5/4A REF,LC1 | FUSIBLE REF,DF 3EA06 POSTE 53 6A TYPE AM | CARTOUCHE,FUSIBLE+PERCUTEUR 10X38 G1 | CONTACT ""0"" REF,ZB2-BE102 POUR UNITE DE | RELAIS,INSTANTANE REF.LR2D3353 220V 50HZ | AMPOULE NEON CULOTT BASS 220V DIAM,22,2";;"1 | 1 | 1 | 1 | 1 | 1 | 1 | 1 | 1";"PCE | PCE | PCE | PCE | PCE | PCE | PCE | PCE | PCE";"2015-02-24 | 2025-07-23 | 2025-07-23 | 2025-07-23 | 2025-07-23 | 2025-07-23 | 2025-07-23 | 2025-07-23 | 2025-07-23";2015-02-24;2025-07-23
72;"PURGEUR FT TYPE 20-4,5 DIAMETRE:15";LTG-F02;9;300,1524,1523,1522,1521,1520,1519,1518,1517;"SAP | SAP_VALIDE | SAP_VALIDE | SAP_VALIDE | SAP_VALIDE | SAP_VALIDE | SAP_VALIDE | SAP_VALIDE | SAP_VALIDE";;"ENSEMBLE PURGEUR D'AIR DN 25 REF,251680 | SECTIONNEUR GK1-EX 50A+CDE+PORTE 2/24+AC | CONTACTEUR TRIPOLAIRE 12A 1F 220V 50HZ R | RELAIS THERMIQUE POSTE 23 2,5/4A REF,LC1 | FUSIBLE REF,DF 3EA06 POSTE 53 6A TYPE AM | CARTOUCHE,FUSIBLE+PERCUTEUR 10X38 G1 | CONTACT ""0"" REF,ZB2-BE102 POUR UNITE DE | RELAIS,INSTANTANE REF.LR2D3353 220V 50HZ | AMPOULE NEON CULOTT BASS 220V DIAM,22,2";;"1 | 1 | 1 | 1 | 1 | 1 | 1 | 1 | 1";"PCE | PCE | PCE | PCE | PCE | PCE | PCE | PCE | PCE";"2015-02-24 | 2025-07-23 | 2025-07-23 | 2025-07-23 | 2025-07-23 | 2025-07-23 | 2025-07-23 | 2025-07-23 | 2025-07-23";2015-02-24;2025-07-23
73;"REGULATEUR INDICATEUR PNEU.TYPEFBB/SEREG";LIC5006;9;268,1781,1780,1779,1778,1777,1776,1775,1774;"SAP | SAP_VALIDE | SAP_VALIDE | SAP_VALIDE | SAP_VALIDE | SAP_VALIDE | SAP_VALIDE | SAP_VALIDE | SAP_VALIDE";;"SACHET VISITEST N0:2 FACE AV REFERENCE:1 | SECTIONNEUR GK1-EX 50A+CDE+PORTE 2/24+AC | CONTACTEUR TRIPOLAIRE 12A 1F 220V 50HZ R | RELAIS THERMIQUE REFERENCE LC1D6511M5  P | CARTOUCHE,FUSIBLE+PERCUTEUR DF3EA02 | CARTOUCHE,FUSIBLE+PERCUTEUR 10X38 G1 | CONTACT ""0"" REF,ZB2-BE102 POUR UNITE DE | RELAIS,INSTANTANE REF.LR2D3353 220V 50HZ | AMPOULE NEON CULOTT BASS 220V DIAM,22,2";;"1 | 1 | 1 | 1 | 1 | 1 | 1 | 1 | 1";"PCE | PCE | PCE | PCE | PCE | PCE | PCE | PCE | PCE";"2015-02-24 | 2025-07-23 | 2025-07-23 | 2025-07-23 | 2025-07-23 | 2025-07-23 | 2025-07-23 | 2025-07-23 | 2025-07-23";2015-02-24;2025-07-23
74;"REGULATEUR PNEU.PI TYPE 130MN4FOXBORO";LIC4002;9;264,1813,1812,1811,1810,1809,1808,1807,1806;"SAP | SAP_VALIDE | SAP_VALIDE | SAP_VALIDE | SAP_VALIDE | SAP_VALIDE | SAP_VALIDE | SAP_VALIDE | SAP_VALIDE";;"ASSY UNIT MAN REFERENCE C0131MA  P/REGUL | SECTIONNEUR GK1-EX 50A+CDE+PORTE 2/24+AC | CONTACTEUR TRIPOLAIRE 12A 1F 220V 50HZ R | RELAIS THERMIQUE REF,LC1D8011M5 POSTE 20 | FUSIBLE REF,DF 3EA01 POSTE 50 1A TYPE AM | CARTOUCHE,FUSIBLE+PERCUTEUR 10X38 G1 | CONTACT ""0"" REF,ZB2-BE102 POUR UNITE DE | RELAIS,INSTANTANE REF.LR2D3353 220V 50HZ | AMPOULE NEON CULOTT BASS 220V DIAM,22,2";;"1 | 1 | 1 | 1 | 1 | 1 | 1 | 1 | 1";"PCE | PCE | PCE | PCE | PCE | PCE | PCE | PCE | PCE";"2015-02-24 | 2025-07-23 | 2025-07-23 | 2025-07-23 | 2025-07-23 | 2025-07-23 | 2025-07-23 | 2025-07-23 | 2025-07-23";2015-02-24;2025-07-23
75;"REGULATEUR PNEU.PI TYPE 130MN4FOXBORO";LIC4004;9;265,1805,1804,1803,1802,1801,1800,1799,1798;"SAP | SAP_VALIDE | SAP_VALIDE | SAP_VALIDE | SAP_VALIDE | SAP_VALIDE | SAP_VALIDE | SAP_VALIDE | SAP_VALIDE";;"ASSY UNIT MAN REFERENCE C0131MA  P/REGUL | SECTIONNEUR GK1-EX 50A+CDE+PORTE 2/24+AC | CONTACTEUR TRIPOLAIRE 12A 1F 220V 50HZ R | RELAIS THERMIQUE REF,LC1D8011M5 POSTE 20 | FUSIBLE REF,DF 3EA01 POSTE 50 1A TYPE AM | CARTOUCHE,FUSIBLE+PERCUTEUR 10X38 G1 | CONTACT ""0"" REF,ZB2-BE102 POUR UNITE DE | RELAIS,INSTANTANE REF.LR2D3353 220V 50HZ | AMPOULE NEON CULOTT BASS 220V DIAM,22,2";;"1 | 1 | 1 | 1 | 1 | 1 | 1 | 1 | 1";"PCE | PCE | PCE | PCE | PCE | PCE | PCE | PCE | PCE";"2015-02-24 | 2025-07-23 | 2025-07-23 | 2025-07-23 | 2025-07-23 | 2025-07-23 | 2025-07-23 | 2025-07-23 | 2025-07-23";2015-02-24;2025-07-23
76;"REGULATEUR PNEU.PI TYPE 130MN4FOXBORO";LIC4006;9;266,1797,1796,1795,1794,1793,1792,1791,1790;"SAP | SAP_VALIDE | SAP_VALIDE | SAP_VALIDE | SAP_VALIDE | SAP_VALIDE | SAP_VALIDE | SAP_VALIDE | SAP_VALIDE";;"ASSY UNIT MAN REFERENCE C0131MA  P/REGUL | SECTIONNEUR GK1-EX 50A+CDE+PORTE 2/24+AC | CONTACTEUR TRIPOLAIRE 12A 1F 220V 50HZ R | RELAIS THERMIQUE REF,LC1D8011M5 POSTE 20 | FUSIBLE REF,DF 3EA01 POSTE 50 1A TYPE AM | CONTACT ""0"" REF,ZB2-BE102 POUR UNITE DE | CARTOUCHE,FUSIBLE+PERCUTEUR 10X38 G1 | RELAIS,INSTANTANE REF.LR2D3353 220V 50HZ | AMPOULE NEON CULOTT BASS 220V DIAM,22,2";;"1 | 1 | 1 | 1 | 1 | 1 | 1 | 1 | 1";"PCE | PCE | PCE | PCE | PCE | PCE | PCE | PCE | PCE";"2015-02-24 | 2025-07-23 | 2025-07-23 | 2025-07-23 | 2025-07-23 | 2025-07-23 | 2025-07-23 | 2025-07-23 | 2025-07-23";2015-02-24;2025-07-23
77;"REGULATEUR PNEU.PI TYPE 130MN4FOXBORO";LIC4008;9;267,1789,1788,1787,1786,1785,1784,1783,1782;"SAP | SAP_VALIDE | SAP_VALIDE | SAP_VALIDE | SAP_VALIDE | SAP_VALIDE | SAP_VALIDE | SAP_VALIDE | SAP_VALIDE";;"ASSY UNIT MAN REFERENCE C0131MA  P/REGUL | SECTIONNEUR GK1-EX 50A+CDE+PORTE 2/24+AC | CONTACTEUR TRIPOLAIRE 12A 1F 220V 50HZ R | RELAIS THERMIQUE REFERENCE LC1D6511M5  P | CARTOUCHE,FUSIBLE+PERCUTEUR DF3EA02 | CARTOUCHE,FUSIBLE+PERCUTEUR 10X38 G1 | CONTACT ""0"" REF,ZB2-BE102 POUR UNITE DE | RELAIS,INSTANTANE REF.LR2D3353 220V 50HZ | AMPOULE NEON CULOTT BASS 220V DIAM,22,2";;"1 | 1 | 1 | 1 | 1 | 1 | 1 | 1 | 1";"PCE | PCE | PCE | PCE | PCE | PCE | PCE | PCE | PCE";"2015-02-24 | 2025-07-23 | 2025-07-23 | 2025-07-23 | 2025-07-23 | 2025-07-23 | 2025-07-23 | 2025-07-23 | 2025-07-23";2015-02-24;2025-07-23
78;"INDICATEUR DE NIVEAU DU 1-21V1";LIAL891215;8;245,1959,1958,1957,1956,1955,1954,1953;"SAP | SAP_VALIDE | SAP_VALIDE | SAP_VALIDE | SAP_VALIDE | SAP_VALIDE | SAP_VALIDE | SAP_VALIDE";;"TUBE PLEXI LONGUEUR 1040 MM POUR ENTR'AX | ELECTROVANNE LUCIFER AVEC ACCESSOIRES RE | VANNE THERMOSTATIQUE""SART"" SERIE 807 TYP | PRESSOSTAT SAUTER DFC 17 B-58 ECHELLE:0- | MANOMETRE MIX-100-A 1/2""BSP ECHELLE:0  à | SONDE PT100(250X5MN) REF,9417905 P/BAIN | INDICATEUR DE COLMATAGE TYPE 436,2 REGLE | CARTE PROGRAMME REFERENCE 540963,80 P/AR";;"1 | 1 | 1 | 1 | 1 | 1 | 1 | 1";"PCE | PCE | PCE | PCE | PCE | PCE | PCE | PCE";"2015-02-24 | 2025-07-23 | 2025-07-23 | 2025-07-23 | 2025-07-23 | 2025-07-23 | 2025-07-23 | 2025-07-23";2015-02-24;2025-07-23
79;"INDICATEUR DE NIVEAU DU 4.26.V1";LI894262;8;241,1994,1993,1992,1991,1990,1989,1988;"SAP | SAP_VALIDE | SAP_VALIDE | SAP_VALIDE | SAP_VALIDE | SAP_VALIDE | SAP_VALIDE | SAP_VALIDE";;"TUBE PLEXI LONGEUR 1140 MM POUR ENTR'AXE | SECTIONNEUR GK1-EX 50A+CDE+PORTE 2/24+AC | CONTACTEUR TRIPOLAIRE BOBINE 220VCA 40A | RELAIS THERMIQUE REF,LC1D1210M5 POSTE:30 | FUSIBLE REF,DF 3EA40 POSTE 59 40A TYPE A | CARTOUCHE,FUSIBLE+PERCUTEUR 10X38 G1 | CONTACT ""0"" REF,ZB2-BE102 POUR UNITE DE | AMPOULE NEON CULOTT BASS 220V DIAM,22,2";;"1 | 1 | 1 | 1 | 1 | 1 | 1 | 1";"PCE | PCE | PCE | PCE | PCE | PCE | PCE | PCE";"2015-02-24 | 2025-07-23 | 2025-07-23 | 2025-07-23 | 2025-07-23 | 2025-07-23 | 2025-07-23 | 2025-07-23";2015-02-24;2025-07-23
80;"PRESSOSTAT TRESBAS NIVEAU EAU ALIMB8301B";LSLL8301B;8;297,1546,1545,1544,1543,1542,1541,1540;"SAP | SAP_VALIDE | SAP_VALIDE | SAP_VALIDE | SAP_VALIDE | SAP_VALIDE | SAP_VALIDE | SAP_VALIDE";;"EQUIPAGE MOBILE COMPLET : -1 FLOTTEUR;1 | FUSERBLOC 160 A TRI+PORTE 7/24+2 F+1DPMM | RELAIS THERMIQUE REFERENCE RA1 HA95125 P | FUSIBLE REF,DF 4GA1121 125A TYPE AM AVEC | CARTOUCHE,FUSIBLE+PERCUTEUR 10X38 G1 | CONTACT ""0"" REF,ZB2-BE102 POUR UNITE DE | RELAIS,INSTANTANE REF.LR2D3353 220V 50HZ | AMPOULE NEON CULOTT BASS 220V DIAM,22,2";;"1 | 1 | 1 | 1 | 1 | 1 | 1 | 1";"PCE | PCE | PCE | PCE | PCE | PCE | PCE | PCE";"2015-02-24 | 2025-07-23 | 2025-07-23 | 2025-07-23 | 2025-07-23 | 2025-07-23 | 2025-07-23 | 2025-07-23";2015-02-24;2025-07-23
81;"TRANSMETTEUR NI TUBE TORSION SLOPS D9080";LT9503;8;298,1539,1538,1537,1536,1535,1534,1533;"SAP | SAP_VALIDE | SAP_VALIDE | SAP_VALIDE | SAP_VALIDE | SAP_VALIDE | SAP_VALIDE | SAP_VALIDE";;"JOINT METALLOPLASTIQUE  EN ACIER INOX 30 | FUSERBLOC 160 A TRI+PORTE 7/24+2 F+1DPMM | RELAIS THERMIQUE REFERENCE RA1 HA95125 P | FUSIBLE REF,DF 4GA1121 125A TYPE AM AVEC | CARTOUCHE,FUSIBLE+PERCUTEUR 10X38 G1 | CONTACT ""0"" REF,ZB2-BE102 POUR UNITE DE | RELAIS,INSTANTANE REF.LR2D3353 220V 50HZ | AMPOULE NEON CULOTT BASS 220V DIAM,22,2";;"1 | 1 | 1 | 1 | 1 | 1 | 1 | 1";"PCE | PCE | PCE | PCE | PCE | PCE | PCE | PCE";"2015-02-24 | 2025-07-23 | 2025-07-23 | 2025-07-23 | 2025-07-23 | 2025-07-23 | 2025-07-23 | 2025-07-23";2015-02-24;2025-07-23
82;"INDICATEUR DE NIVEAU DU 2.21V1";LIAL892215;7;248,1949,1948,1947,1946,1945,1944;"SAP | SAP_VALIDE | SAP_VALIDE | SAP_VALIDE | SAP_VALIDE | SAP_VALIDE | SAP_VALIDE";;"TUBE PLEXI LONGUEUR 1040 MM POUR ENTR'AX | TRANSMETTEUR DE PRESSION RELATI- VE REF, | THERMOCOUPLE TYPE K EQUIPE (SOU- DURE IS | REGULATEUR DETECTEUR DE SEUIL MINICOR N- | SONDE A RESISTANCE PT100 A 0 DEGRES C, | ELECTROVANNE 3 VOIES TYPE MB,301 03-ADF | MANOMETRE MIX-150-D 1/2""NPT AVEC SEPARAT";;"1 | 1 | 1 | 1 | 1 | 1 | 1";"PCE | PCE | PCE | PCE | PCE | PCE | PCE";"2015-02-24 | 2025-07-23 | 2025-07-23 | 2025-07-23 | 2025-07-23 | 2025-07-23 | 2025-07-23";2015-02-24;2025-07-23
83;"MATERIEL SART NIV BAS CAISSE JOURN DE FO";LSL894282;7;295,1558,1557,1556,1555,1554,1553;"SAP | SAP_VALIDE | SAP_VALIDE | SAP_VALIDE | SAP_VALIDE | SAP_VALIDE | SAP_VALIDE";;"CONTACT INVERSEUR ETANCHE AVEC SUPPORT T | FUSERBLOC 160 A TRI+PORTE 7/24+2 F+1DPMM | FUSIBLE REF,DF 4GA1121 125A TYPE AM AVEC | CARTOUCHE,FUSIBLE+PERCUTEUR 10X38 G1 | CONTACT ""0"" REF,ZB2-BE102 POUR UNITE DE | RELAIS,INSTANTANE REF.LR2D3353 220V 50HZ | AMPOULE NEON CULOTT BASS 220V DIAM,22,2";;"1 | 1 | 1 | 1 | 1 | 1 | 1";"PCE | PCE | PCE | PCE | PCE | PCE | PCE";"2015-02-24 | 2025-07-23 | 2025-07-23 | 2025-07-23 | 2025-07-23 | 2025-07-23 | 2025-07-23";2015-02-24;2025-07-23
84;"PRESSOSTAT TBAS NIVEAU EAU ALIM B8301A";LSLL8301A;7;296,1552,1551,1550,1549,1548,1547;"SAP | SAP_VALIDE | SAP_VALIDE | SAP_VALIDE | SAP_VALIDE | SAP_VALIDE | SAP_VALIDE";;"EQUIPAGE MOBILE COMPLET : -1 FLOTTEUR;1 | FUSERBLOC 160 A TRI+PORTE 7/24+2 F+1DPMM | FUSIBLE REF,DF 4GA1121 125A TYPE AM AVEC | CARTOUCHE,FUSIBLE+PERCUTEUR 10X38 G1 | CONTACT ""0"" REF,ZB2-BE102 POUR UNITE DE | RELAIS,INSTANTANE REF.LR2D3353 220V 50HZ | AMPOULE NEON CULOTT BASS 220V DIAM,22,2";;"1 | 1 | 1 | 1 | 1 | 1 | 1";"PCE | PCE | PCE | PCE | PCE | PCE | PCE";"2015-02-24 | 2025-07-23 | 2025-07-23 | 2025-07-23 | 2025-07-23 | 2025-07-23 | 2025-07-23";2015-02-24;2025-07-23
85;"GLACE 320X80X10";LI-0-32-20;5;206,2256,2255,2254,2253;"SAP | SAP_VALIDE | SAP_VALIDE | SAP_VALIDE | SAP_VALIDE";;"GLACE RONDE DIAM,100 EPAIS,10 POUR BACHE | FUSIBLE REF,DF 3EA40 POSTE 59 40A TYPE A | CARTOUCHE,FUSIBLE+PERCUTEUR 10X38 G1 | CONTACT ""0"" REF,ZB2-BE102 POUR UNITE DE | AMPOULE NEON CULOTT BASS 220V DIAM,22,2";;"1 | 1 | 1 | 1 | 1";"PCE | PCE | PCE | PCE | PCE";"2015-02-24 | 2025-07-24 | 2025-07-24 | 2025-07-24 | 2025-07-24";2015-02-24;2025-07-24
86;"INDICATEUR DE NIVEAU DU 0.27.V1B";LI8902707;5;213,2215,2214,2213,2212;"SAP | SAP_VALIDE | SAP_VALIDE | SAP_VALIDE | SAP_VALIDE";;"TUBE PLEXI LONGUEUR 1440MM POUR ENTRAXE | FUSIBLE REF,DF 4HA1201 POSTE 65 200A TYP | FUSIBLE REF,DF 4GA1161 POSTE 64 160A TYP | CARTOUCHE,FUSIBLE+PERCUTEUR 10X38 G1 | RELAIS,INSTANTANE REF.LR2D3353 220V 50HZ";;"1 | 1 | 1 | 1 | 1";"PCE | PCE | PCE | PCE | PCE";"2015-02-24 | 2025-07-23 | 2025-07-23 | 2025-07-23 | 2025-07-23";2015-02-24;2025-07-23
87;"APP CAISSE EGOUTTIERES DO/FO BRIDE";LI890291;4;219,2168,2167,2166;"SAP | SAP_VALIDE | SAP_VALIDE | SAP_VALIDE";;"TUBE PLEXI LONGEUR 640 MM POUR ENTR'AXE | FUSIBLE REF,DF 4HA1201 POSTE 65 200A TYP | FUSIBLE REF,DF 4GA1161 POSTE 64 160A TYP | CARTOUCHE,FUSIBLE+PERCUTEUR 10X38 G1";;"1 | 1 | 1 | 1";"PCE | PCE | PCE | PCE";"2015-02-24 | 2025-07-23 | 2025-07-23 | 2025-07-23";2015-02-24;2025-07-23
88;"NIV CAISSE DECANTATION FO 0-28V3 BRIDE";LI890287;4;218,2171,2170,2169;"SAP | SAP_VALIDE | SAP_VALIDE | SAP_VALIDE";;"TUBE PLEXI LONGUEUR 2040 POUR ENTRAXE 19 | FUSIBLE REF,DF 4HA1201 POSTE 65 200A TYP | FUSIBLE REF,DF 4GA1161 POSTE 64 160A TYP | CARTOUCHE,FUSIBLE+PERCUTEUR 10X38 G1";;"1 | 1 | 1 | 1";"PCE | PCE | PCE | PCE";"2015-02-24 | 2025-07-23 | 2025-07-23 | 2025-07-23";2015-02-24;2025-07-23
89;"NIV CAISSE@BOUE 0-24V2 BRIDES DN20PN16";LI890242;4;212,2218,2217,2216;"SAP | SAP_VALIDE | SAP_VALIDE | SAP_VALIDE";;"TUBE PLEXI LONGEUR 940 MM POUR ENTR'AXE | CARTOUCHE,FUSIBLE+PERCUTEUR DF 3EA08 | CARTOUCHE,FUSIBLE+PERCUTEUR 10X38 G1 | RELAIS,INSTANTANE REF.LR2D3353 220V 50HZ";;"1 | 1 | 1 | 1";"PCE | PCE | PCE | PCE";"2015-02-24 | 2025-07-23 | 2025-07-23 | 2025-07-23";2015-02-24;2025-07-23
90;"INDICATEUR DE NIVEAU DU 0-24-V2";LI89024.4;3;211,2220,2219;"SAP | SAP_VALIDE | SAP_VALIDE";;"TUBE PLEXI LONGEUR 940 MM POUR ENTR'AXE | CARTOUCHE,FUSIBLE+PERCUTEUR 10X38 G1 | RELAIS,INSTANTANE REF.LR2D3353 220V 50HZ";;"1 | 1 | 1";"PCE | PCE | PCE";"2015-02-24 | 2025-07-23 | 2025-07-23";2015-02-24;2025-07-23
91;"INDICATEUR DE NIVEAU DU 1-23V1";LIAL891231;3;246,1952,1951;"SAP | SAP_VALIDE | SAP_VALIDE";;"TUBE PLEXI LONGUEUR 1340MM POUR ENTRAXE | TRANSMETTEUR DE PRESSION DIFFERENTIELLE | MANOMETRE 0-6 BARS POUR DISPOSI- TIF DE";;"1 | 1 | 1";"PCE | PCE | PCE";"2015-02-24 | 2025-07-23 | 2025-07-23";2015-02-24;2025-07-23
92;"NIVEAU CAISSE RECUP HUILE MOT BRIDES";LIAL892231;3;249,1943,1942;"SAP | SAP_VALIDE | SAP_VALIDE";;"TUBE PLEXI LONGUEUR 1340MM POUR ENTRAXE | MANOMETRE MIX-150-D 1/2""NPT ECHELLE:0 @ | TRANSMETTEUR DE PRESSION DIFFE- RENTIELL";;"1 | 1 | 1";"PCE | PCE | PCE";"2015-02-24 | 2025-07-23 | 2025-07-23";2015-02-24;2025-07-23
93;"D2004 TETE K2002 APPAREIL";LIC2023;2;263,1814;"SAP | SAP_VALIDE";;"ASSY UNIT MAN REFERENCE C0131MA  P/REGUL | MANOMETRE MIX-150-D- 1/2 NPT 0 @ 10 BARS";;"1 | 1";"PCE | PCE";"2015-02-24 | 2025-07-23";2015-02-24;2025-07-23
94;"INDICATEUR DE NIVEAU DU 4-21.V1";LIAL894215;2;256,1899;"SAP | SAP_VALIDE";;"TUBE PLEXI LONGUEUR 1040 MM POUR ENTR'AX | MANOMETRE MIX-150-D 1/2""NPT ECHELLE:0 @";;"1 | 1";"PCE | PCE";"2015-02-24 | 2025-07-23";2015-02-24;2025-07-23
95;"NIVEAU CAISSE EAU CYLINDRES BRIDES";LIAL892211;2;247,1950;"SAP | SAP_VALIDE";;"TUBE PLEXI LONGUEUR 1040 MM POUR ENTR'AX | MANOMETRE MIX-150-D- 1/2 NPT 0 @ 10 BARS";;"1 | 1";"PCE | PCE";"2015-02-24 | 2025-07-23";2015-02-24;2025-07-23
